-- MySQL dump 10.13  Distrib 5.5.62, for Win64 (AMD64)
--
-- Host: 127.0.0.1    Database: vk
-- ------------------------------------------------------
-- Server version	8.0.22-0ubuntu0.20.04.2

/*!40101 SET @OLD_CHARACTER_SET_CLIENT=@@CHARACTER_SET_CLIENT */;
/*!40101 SET @OLD_CHARACTER_SET_RESULTS=@@CHARACTER_SET_RESULTS */;
/*!40101 SET @OLD_COLLATION_CONNECTION=@@COLLATION_CONNECTION */;
/*!40101 SET NAMES utf8 */;
/*!40103 SET @OLD_TIME_ZONE=@@TIME_ZONE */;
/*!40103 SET TIME_ZONE='+00:00' */;
/*!40014 SET @OLD_UNIQUE_CHECKS=@@UNIQUE_CHECKS, UNIQUE_CHECKS=0 */;
/*!40014 SET @OLD_FOREIGN_KEY_CHECKS=@@FOREIGN_KEY_CHECKS, FOREIGN_KEY_CHECKS=0 */;
/*!40101 SET @OLD_SQL_MODE=@@SQL_MODE, SQL_MODE='NO_AUTO_VALUE_ON_ZERO' */;
/*!40111 SET @OLD_SQL_NOTES=@@SQL_NOTES, SQL_NOTES=0 */;

--
-- Table structure for table `communities`
--

DROP TABLE IF EXISTS `communities`;
/*!40101 SET @saved_cs_client     = @@character_set_client */;
/*!40101 SET character_set_client = utf8 */;
CREATE TABLE `communities` (
  `id` int unsigned NOT NULL AUTO_INCREMENT COMMENT 'Идентификатор сроки',
  `name` varchar(150) NOT NULL COMMENT 'Название группы',
  `created_at` datetime DEFAULT CURRENT_TIMESTAMP COMMENT 'Время создания строки',
  `updated_at` datetime DEFAULT CURRENT_TIMESTAMP ON UPDATE CURRENT_TIMESTAMP COMMENT 'Время обновления строки',
  PRIMARY KEY (`id`),
  UNIQUE KEY `name` (`name`)
) ENGINE=InnoDB AUTO_INCREMENT=31 DEFAULT CHARSET=utf8mb4 COLLATE=utf8mb4_0900_ai_ci COMMENT='Группы';
/*!40101 SET character_set_client = @saved_cs_client */;

--
-- Dumping data for table `communities`
--

LOCK TABLES `communities` WRITE;
/*!40000 ALTER TABLE `communities` DISABLE KEYS */;
INSERT INTO `communities` VALUES (1,'modi','2020-04-05 22:19:47','2002-02-06 04:18:34'),(2,'distinctio','1977-12-02 23:29:17','1993-07-02 09:43:44'),(3,'sed','2019-02-24 18:39:58','2018-08-04 14:09:50'),(4,'et','2016-07-31 19:33:33','2016-03-13 08:14:41'),(5,'nihil','2012-04-09 10:14:38','2007-05-02 20:11:54'),(6,'laboriosam','1974-01-06 12:36:05','2009-07-22 13:01:15'),(7,'architecto','2017-03-15 12:54:12','2018-03-06 10:12:59'),(8,'quos','2015-11-19 10:54:16','1970-10-14 01:17:38'),(9,'dolorum','2004-04-16 01:26:29','1997-05-07 20:49:55'),(10,'aliquam','1983-04-08 05:26:05','1989-03-25 17:39:46'),(11,'itaque','1997-10-10 14:22:06','1990-11-13 03:35:42'),(12,'id','1971-03-08 13:23:11','2011-10-19 00:24:52'),(13,'perferendis','1995-01-15 12:00:31','1983-07-14 22:18:27'),(14,'ut','2001-02-08 17:18:33','2018-09-16 03:16:48'),(15,'minus','1978-06-22 04:52:07','2000-02-23 18:17:16'),(16,'eius','1982-11-13 18:15:54','2008-01-16 20:02:05'),(17,'excepturi','1986-03-29 05:00:54','2016-03-24 10:12:02'),(18,'ipsa','2015-06-05 10:58:45','1972-06-24 02:32:29'),(19,'exercitationem','2020-02-01 21:43:23','1988-10-13 06:19:59'),(20,'labore','2007-05-29 00:41:00','2020-06-13 23:46:45'),(21,'at','1998-03-13 23:13:25','1973-07-18 10:02:36'),(22,'quas','1979-01-29 04:51:06','2003-04-06 04:31:29'),(23,'molestias','1977-06-15 10:01:59','1999-01-15 11:42:34'),(24,'veritatis','1992-10-27 19:13:19','2014-02-05 04:48:02'),(25,'quo','1993-09-17 13:08:49','2004-12-29 10:37:53'),(26,'officia','2014-09-07 13:03:06','1989-07-28 07:05:19'),(27,'vitae','1994-03-14 16:52:08','2004-04-06 19:57:10'),(28,'quae','2015-06-25 13:25:24','1985-08-04 01:34:54'),(29,'sunt','1993-05-08 18:54:53','1985-04-15 01:47:10'),(30,'qui','1982-07-01 15:23:51','1986-04-14 10:55:37');
/*!40000 ALTER TABLE `communities` ENABLE KEYS */;
UNLOCK TABLES;

--
-- Table structure for table `communities_users`
--

DROP TABLE IF EXISTS `communities_users`;
/*!40101 SET @saved_cs_client     = @@character_set_client */;
/*!40101 SET character_set_client = utf8 */;
CREATE TABLE `communities_users` (
  `community_id` int unsigned NOT NULL COMMENT 'Ссылка на группу',
  `user_id` int unsigned NOT NULL COMMENT 'Ссылка на пользователя',
  `created_at` datetime DEFAULT CURRENT_TIMESTAMP COMMENT 'Время создания строки',
  PRIMARY KEY (`community_id`,`user_id`) COMMENT 'Составной первичный ключ'
) ENGINE=InnoDB DEFAULT CHARSET=utf8mb4 COLLATE=utf8mb4_0900_ai_ci COMMENT='Участники групп, связь между пользователями и группами';
/*!40101 SET character_set_client = @saved_cs_client */;

--
-- Dumping data for table `communities_users`
--

LOCK TABLES `communities_users` WRITE;
/*!40000 ALTER TABLE `communities_users` DISABLE KEYS */;
INSERT INTO `communities_users` VALUES (1,1,'2020-11-19 16:03:18'),(1,31,'2020-11-19 16:03:18'),(1,61,'2020-11-19 16:03:18'),(1,91,'2020-11-19 16:03:18'),(2,2,'2020-11-19 16:03:18'),(2,32,'2020-11-19 16:03:18'),(2,62,'2020-11-19 16:03:18'),(2,92,'2020-11-19 16:03:18'),(3,3,'2020-11-19 16:03:18'),(3,33,'2020-11-19 16:03:18'),(3,63,'2020-11-19 16:03:18'),(3,93,'2020-11-19 16:03:18'),(4,4,'2020-11-19 16:03:18'),(4,34,'2020-11-19 16:03:18'),(4,64,'2020-11-19 16:03:18'),(4,94,'2020-11-19 16:03:18'),(5,5,'2020-11-19 16:03:18'),(5,35,'2020-11-19 16:03:18'),(5,65,'2020-11-19 16:03:18'),(5,95,'2020-11-19 16:03:18'),(6,6,'2020-11-19 16:03:18'),(6,36,'2020-11-19 16:03:18'),(6,66,'2020-11-19 16:03:18'),(6,96,'2020-11-19 16:03:18'),(7,7,'2020-11-19 16:03:18'),(7,37,'2020-11-19 16:03:18'),(7,67,'2020-11-19 16:03:18'),(7,97,'2020-11-19 16:03:18'),(8,8,'2020-11-19 16:03:18'),(8,38,'2020-11-19 16:03:18'),(8,68,'2020-11-19 16:03:18'),(8,98,'2020-11-19 16:03:18'),(9,9,'2020-11-19 16:03:18'),(9,39,'2020-11-19 16:03:18'),(9,69,'2020-11-19 16:03:18'),(9,99,'2020-11-19 16:03:18'),(10,10,'2020-11-19 16:03:18'),(10,40,'2020-11-19 16:03:18'),(10,70,'2020-11-19 16:03:18'),(10,100,'2020-11-19 16:03:18'),(11,11,'2020-11-19 16:03:18'),(11,41,'2020-11-19 16:03:18'),(11,71,'2020-11-19 16:03:18'),(12,12,'2020-11-19 16:03:18'),(12,42,'2020-11-19 16:03:18'),(12,72,'2020-11-19 16:03:18'),(13,13,'2020-11-19 16:03:18'),(13,43,'2020-11-19 16:03:18'),(13,73,'2020-11-19 16:03:18'),(14,14,'2020-11-19 16:03:18'),(14,44,'2020-11-19 16:03:18'),(14,74,'2020-11-19 16:03:18'),(15,15,'2020-11-19 16:03:18'),(15,45,'2020-11-19 16:03:18'),(15,75,'2020-11-19 16:03:18'),(16,16,'2020-11-19 16:03:18'),(16,46,'2020-11-19 16:03:18'),(16,76,'2020-11-19 16:03:18'),(17,17,'2020-11-19 16:03:18'),(17,47,'2020-11-19 16:03:18'),(17,77,'2020-11-19 16:03:18'),(18,18,'2020-11-19 16:03:18'),(18,48,'2020-11-19 16:03:18'),(18,78,'2020-11-19 16:03:18'),(19,19,'2020-11-19 16:03:18'),(19,49,'2020-11-19 16:03:18'),(19,79,'2020-11-19 16:03:18'),(20,20,'2020-11-19 16:03:18'),(20,50,'2020-11-19 16:03:18'),(20,80,'2020-11-19 16:03:18'),(21,21,'2020-11-19 16:03:18'),(21,51,'2020-11-19 16:03:18'),(21,81,'2020-11-19 16:03:18'),(22,22,'2020-11-19 16:03:18'),(22,52,'2020-11-19 16:03:18'),(22,82,'2020-11-19 16:03:18'),(23,23,'2020-11-19 16:03:18'),(23,53,'2020-11-19 16:03:18'),(23,83,'2020-11-19 16:03:18'),(24,24,'2020-11-19 16:03:18'),(24,54,'2020-11-19 16:03:18'),(24,84,'2020-11-19 16:03:18'),(25,25,'2020-11-19 16:03:18'),(25,55,'2020-11-19 16:03:18'),(25,85,'2020-11-19 16:03:18'),(26,26,'2020-11-19 16:03:18'),(26,56,'2020-11-19 16:03:18'),(26,86,'2020-11-19 16:03:18'),(27,27,'2020-11-19 16:03:18'),(27,57,'2020-11-19 16:03:18'),(27,87,'2020-11-19 16:03:18'),(28,28,'2020-11-19 16:03:18'),(28,58,'2020-11-19 16:03:18'),(28,88,'2020-11-19 16:03:18'),(29,29,'2020-11-19 16:03:18'),(29,59,'2020-11-19 16:03:18'),(29,89,'2020-11-19 16:03:18'),(30,30,'2020-11-19 16:03:18'),(30,60,'2020-11-19 16:03:18'),(30,90,'2020-11-19 16:03:18');
/*!40000 ALTER TABLE `communities_users` ENABLE KEYS */;
UNLOCK TABLES;

--
-- Table structure for table `friendship`
--

DROP TABLE IF EXISTS `friendship`;
/*!40101 SET @saved_cs_client     = @@character_set_client */;
/*!40101 SET character_set_client = utf8 */;
CREATE TABLE `friendship` (
  `user_id` int unsigned NOT NULL COMMENT 'Ссылка на инициатора дружеских отношений',
  `friend_id` int unsigned NOT NULL COMMENT 'Ссылка на получателя приглашения дружить',
  `status_id` int unsigned NOT NULL COMMENT 'Ссылка на статус (текущее состояние) отношений',
  `requested_at` datetime DEFAULT CURRENT_TIMESTAMP COMMENT 'Время отправления приглашения дружить',
  `confirmed_at` datetime DEFAULT NULL COMMENT 'Время подтверждения приглашения',
  `created_at` datetime DEFAULT CURRENT_TIMESTAMP COMMENT 'Время создания строки',
  `updated_at` datetime DEFAULT CURRENT_TIMESTAMP ON UPDATE CURRENT_TIMESTAMP COMMENT 'Время обновления строки',
  PRIMARY KEY (`user_id`,`friend_id`) COMMENT 'Составной первичный ключ'
) ENGINE=InnoDB DEFAULT CHARSET=utf8mb4 COLLATE=utf8mb4_0900_ai_ci COMMENT='Таблица дружбы';
/*!40101 SET character_set_client = @saved_cs_client */;

--
-- Dumping data for table `friendship`
--

LOCK TABLES `friendship` WRITE;
/*!40000 ALTER TABLE `friendship` DISABLE KEYS */;
INSERT INTO `friendship` VALUES (1,1,1,'2020-11-09 18:02:17',NULL,'2020-11-19 16:05:46','2020-11-19 16:05:46'),(2,2,2,'2020-10-28 11:44:06',NULL,'2020-11-19 16:05:46','2020-11-19 16:05:46'),(3,3,3,'2020-10-20 05:28:23',NULL,'2020-11-19 16:05:46','2020-11-19 16:05:46'),(4,4,4,'2020-11-10 15:13:59',NULL,'2020-11-19 16:05:46','2020-11-19 16:05:46'),(5,5,5,'2020-10-29 22:02:55',NULL,'2020-11-19 16:05:46','2020-11-19 16:05:46'),(6,6,6,'2020-11-04 19:39:11',NULL,'2020-11-19 16:05:46','2020-11-19 16:05:46'),(7,7,7,'2020-11-13 15:28:25',NULL,'2020-11-19 16:05:46','2020-11-19 16:05:46'),(8,8,8,'2020-11-07 16:07:25',NULL,'2020-11-19 16:05:46','2020-11-19 16:05:46'),(9,9,9,'2020-11-13 23:16:20',NULL,'2020-11-19 16:05:46','2020-11-19 16:05:46'),(10,10,10,'2020-10-21 13:46:51',NULL,'2020-11-19 16:05:46','2020-11-19 16:05:46'),(11,11,1,'2020-11-05 00:35:53',NULL,'2020-11-19 16:05:46','2020-11-19 16:05:46'),(12,12,2,'2020-11-17 16:18:43',NULL,'2020-11-19 16:05:46','2020-11-19 16:05:46'),(13,13,3,'2020-10-22 02:57:20',NULL,'2020-11-19 16:05:46','2020-11-19 16:05:46'),(14,14,4,'2020-10-19 20:59:21',NULL,'2020-11-19 16:05:46','2020-11-19 16:05:46'),(15,15,5,'2020-10-30 13:40:26',NULL,'2020-11-19 16:05:46','2020-11-19 16:05:46'),(16,16,6,'2020-11-19 15:49:24',NULL,'2020-11-19 16:05:46','2020-11-19 16:05:46'),(17,17,7,'2020-11-11 18:44:37',NULL,'2020-11-19 16:05:46','2020-11-19 16:05:46'),(18,18,8,'2020-10-30 17:38:23',NULL,'2020-11-19 16:05:46','2020-11-19 16:05:46'),(19,19,9,'2020-10-26 21:27:00',NULL,'2020-11-19 16:05:46','2020-11-19 16:05:46'),(20,20,10,'2020-10-23 19:28:17',NULL,'2020-11-19 16:05:46','2020-11-19 16:05:46'),(21,21,1,'2020-11-19 08:27:47',NULL,'2020-11-19 16:05:46','2020-11-19 16:05:46'),(22,22,2,'2020-11-17 21:53:58',NULL,'2020-11-19 16:05:46','2020-11-19 16:05:46'),(23,23,3,'2020-10-19 17:55:34',NULL,'2020-11-19 16:05:46','2020-11-19 16:05:46'),(24,24,4,'2020-10-26 07:33:57',NULL,'2020-11-19 16:05:46','2020-11-19 16:05:46'),(25,25,5,'2020-10-22 17:48:47',NULL,'2020-11-19 16:05:46','2020-11-19 16:05:46'),(26,26,6,'2020-11-02 12:29:15',NULL,'2020-11-19 16:05:46','2020-11-19 16:05:46'),(27,27,7,'2020-11-13 13:33:43',NULL,'2020-11-19 16:05:46','2020-11-19 16:05:46'),(28,28,8,'2020-11-12 09:00:24',NULL,'2020-11-19 16:05:46','2020-11-19 16:05:46'),(29,29,9,'2020-10-26 10:41:00',NULL,'2020-11-19 16:05:46','2020-11-19 16:05:46'),(30,30,10,'2020-10-31 04:16:14',NULL,'2020-11-19 16:05:46','2020-11-19 16:05:46'),(31,31,1,'2020-11-05 10:40:40',NULL,'2020-11-19 16:05:46','2020-11-19 16:05:46'),(32,32,2,'2020-11-08 19:28:13',NULL,'2020-11-19 16:05:46','2020-11-19 16:05:46'),(33,33,3,'2020-11-15 08:01:31',NULL,'2020-11-19 16:05:46','2020-11-19 16:05:46'),(34,34,4,'2020-10-24 03:50:39',NULL,'2020-11-19 16:05:46','2020-11-19 16:05:46'),(35,35,5,'2020-11-01 09:41:26',NULL,'2020-11-19 16:05:46','2020-11-19 16:05:46'),(36,36,6,'2020-11-09 16:10:22',NULL,'2020-11-19 16:05:46','2020-11-19 16:05:46'),(37,37,7,'2020-11-17 07:12:52',NULL,'2020-11-19 16:05:46','2020-11-19 16:05:46'),(38,38,8,'2020-10-30 07:25:03',NULL,'2020-11-19 16:05:46','2020-11-19 16:05:46'),(39,39,9,'2020-11-16 06:21:31',NULL,'2020-11-19 16:05:46','2020-11-19 16:05:46'),(40,40,10,'2020-10-27 02:10:02',NULL,'2020-11-19 16:05:46','2020-11-19 16:05:46'),(41,41,1,'2020-10-22 06:15:33',NULL,'2020-11-19 16:05:46','2020-11-19 16:05:46'),(42,42,2,'2020-10-20 18:51:57',NULL,'2020-11-19 16:05:46','2020-11-19 16:05:46'),(43,43,3,'2020-11-03 21:16:19',NULL,'2020-11-19 16:05:46','2020-11-19 16:05:46'),(44,44,4,'2020-10-30 02:31:10',NULL,'2020-11-19 16:05:46','2020-11-19 16:05:46'),(45,45,5,'2020-10-19 20:17:22',NULL,'2020-11-19 16:05:46','2020-11-19 16:05:46'),(46,46,6,'2020-11-16 18:32:02',NULL,'2020-11-19 16:05:46','2020-11-19 16:05:46'),(47,47,7,'2020-11-07 12:29:19',NULL,'2020-11-19 16:05:46','2020-11-19 16:05:46'),(48,48,8,'2020-10-26 21:36:25',NULL,'2020-11-19 16:05:46','2020-11-19 16:05:46'),(49,49,9,'2020-11-09 05:44:17',NULL,'2020-11-19 16:05:46','2020-11-19 16:05:46'),(50,50,10,'2020-11-05 04:00:50',NULL,'2020-11-19 16:05:46','2020-11-19 16:05:46'),(51,51,1,'2020-10-23 17:57:24',NULL,'2020-11-19 16:05:46','2020-11-19 16:05:46'),(52,52,2,'2020-11-13 15:35:56',NULL,'2020-11-19 16:05:46','2020-11-19 16:05:46'),(53,53,3,'2020-11-05 15:02:09',NULL,'2020-11-19 16:05:46','2020-11-19 16:05:46'),(54,54,4,'2020-10-31 14:11:03',NULL,'2020-11-19 16:05:46','2020-11-19 16:05:46'),(55,55,5,'2020-10-25 05:11:43',NULL,'2020-11-19 16:05:46','2020-11-19 16:05:46'),(56,56,6,'2020-11-05 03:02:59',NULL,'2020-11-19 16:05:46','2020-11-19 16:05:46'),(57,57,7,'2020-10-23 18:49:03',NULL,'2020-11-19 16:05:46','2020-11-19 16:05:46'),(58,58,8,'2020-11-14 11:06:09',NULL,'2020-11-19 16:05:46','2020-11-19 16:05:46'),(59,59,9,'2020-11-08 05:01:04',NULL,'2020-11-19 16:05:46','2020-11-19 16:05:46'),(60,60,10,'2020-10-27 20:36:10',NULL,'2020-11-19 16:05:46','2020-11-19 16:05:46'),(61,61,1,'2020-11-13 01:56:46',NULL,'2020-11-19 16:05:46','2020-11-19 16:05:46'),(62,62,2,'2020-11-10 11:49:38',NULL,'2020-11-19 16:05:46','2020-11-19 16:05:46'),(63,63,3,'2020-11-01 15:27:36',NULL,'2020-11-19 16:05:46','2020-11-19 16:05:46'),(64,64,4,'2020-11-09 02:20:10',NULL,'2020-11-19 16:05:46','2020-11-19 16:05:46'),(65,65,5,'2020-11-08 17:49:37',NULL,'2020-11-19 16:05:46','2020-11-19 16:05:46'),(66,66,6,'2020-11-17 16:53:26',NULL,'2020-11-19 16:05:46','2020-11-19 16:05:46'),(67,67,7,'2020-10-25 12:47:35',NULL,'2020-11-19 16:05:46','2020-11-19 16:05:46'),(68,68,8,'2020-11-18 02:11:50',NULL,'2020-11-19 16:05:46','2020-11-19 16:05:46'),(69,69,9,'2020-11-17 22:25:20',NULL,'2020-11-19 16:05:46','2020-11-19 16:05:46'),(70,70,10,'2020-10-20 17:37:41',NULL,'2020-11-19 16:05:46','2020-11-19 16:05:46'),(71,71,1,'2020-10-21 21:22:02',NULL,'2020-11-19 16:05:46','2020-11-19 16:05:46'),(72,72,2,'2020-10-31 20:19:36',NULL,'2020-11-19 16:05:46','2020-11-19 16:05:46'),(73,73,3,'2020-11-13 02:38:47',NULL,'2020-11-19 16:05:46','2020-11-19 16:05:46'),(74,74,4,'2020-10-29 05:05:36',NULL,'2020-11-19 16:05:46','2020-11-19 16:05:46'),(75,75,5,'2020-11-05 20:01:57',NULL,'2020-11-19 16:05:46','2020-11-19 16:05:46'),(76,76,6,'2020-11-02 21:06:09',NULL,'2020-11-19 16:05:46','2020-11-19 16:05:46'),(77,77,7,'2020-10-22 09:43:43',NULL,'2020-11-19 16:05:46','2020-11-19 16:05:46'),(78,78,8,'2020-10-25 02:44:27',NULL,'2020-11-19 16:05:46','2020-11-19 16:05:46'),(79,79,9,'2020-10-31 16:28:38',NULL,'2020-11-19 16:05:46','2020-11-19 16:05:46'),(80,80,10,'2020-10-24 14:34:59',NULL,'2020-11-19 16:05:46','2020-11-19 16:05:46'),(81,81,1,'2020-11-18 23:33:29',NULL,'2020-11-19 16:05:46','2020-11-19 16:05:46'),(82,82,2,'2020-10-22 08:31:48',NULL,'2020-11-19 16:05:46','2020-11-19 16:05:46'),(83,83,3,'2020-11-12 08:32:24',NULL,'2020-11-19 16:05:46','2020-11-19 16:05:46'),(84,84,4,'2020-10-26 10:01:20',NULL,'2020-11-19 16:05:46','2020-11-19 16:05:46'),(85,85,5,'2020-11-02 07:38:28',NULL,'2020-11-19 16:05:46','2020-11-19 16:05:46'),(86,86,6,'2020-11-05 03:31:52',NULL,'2020-11-19 16:05:46','2020-11-19 16:05:46'),(87,87,7,'2020-11-04 15:08:32',NULL,'2020-11-19 16:05:46','2020-11-19 16:05:46'),(88,88,8,'2020-10-21 03:27:32',NULL,'2020-11-19 16:05:46','2020-11-19 16:05:46'),(89,89,9,'2020-10-20 14:01:42',NULL,'2020-11-19 16:05:46','2020-11-19 16:05:46'),(90,90,10,'2020-10-26 05:55:12',NULL,'2020-11-19 16:05:46','2020-11-19 16:05:46'),(91,91,1,'2020-11-08 17:09:58',NULL,'2020-11-19 16:05:46','2020-11-19 16:05:46'),(92,92,2,'2020-11-16 22:46:12',NULL,'2020-11-19 16:05:46','2020-11-19 16:05:46'),(93,93,3,'2020-10-22 00:38:28',NULL,'2020-11-19 16:05:46','2020-11-19 16:05:46'),(94,94,4,'2020-10-27 23:15:39',NULL,'2020-11-19 16:05:46','2020-11-19 16:05:46'),(95,95,5,'2020-11-13 16:43:30',NULL,'2020-11-19 16:05:46','2020-11-19 16:05:46'),(96,96,6,'2020-11-15 04:29:47',NULL,'2020-11-19 16:05:46','2020-11-19 16:05:46'),(97,97,7,'2020-11-07 17:34:04',NULL,'2020-11-19 16:05:46','2020-11-19 16:05:46'),(98,98,8,'2020-10-23 06:54:48',NULL,'2020-11-19 16:05:46','2020-11-19 16:05:46'),(99,99,9,'2020-11-16 22:08:41',NULL,'2020-11-19 16:05:46','2020-11-19 16:05:46'),(100,100,10,'2020-11-06 10:13:48',NULL,'2020-11-19 16:05:46','2020-11-19 16:05:46');
/*!40000 ALTER TABLE `friendship` ENABLE KEYS */;
UNLOCK TABLES;

--
-- Table structure for table `friendship_statuses`
--

DROP TABLE IF EXISTS `friendship_statuses`;
/*!40101 SET @saved_cs_client     = @@character_set_client */;
/*!40101 SET character_set_client = utf8 */;
CREATE TABLE `friendship_statuses` (
  `id` int unsigned NOT NULL AUTO_INCREMENT COMMENT 'Идентификатор строки',
  `name` varchar(150) NOT NULL COMMENT 'Название статуса',
  `created_at` datetime DEFAULT CURRENT_TIMESTAMP COMMENT 'Время создания строки',
  `updated_at` datetime DEFAULT CURRENT_TIMESTAMP ON UPDATE CURRENT_TIMESTAMP COMMENT 'Время обновления строки',
  PRIMARY KEY (`id`),
  UNIQUE KEY `name` (`name`)
) ENGINE=InnoDB AUTO_INCREMENT=11 DEFAULT CHARSET=utf8mb4 COLLATE=utf8mb4_0900_ai_ci COMMENT='Статусы дружбы';
/*!40101 SET character_set_client = @saved_cs_client */;

--
-- Dumping data for table `friendship_statuses`
--

LOCK TABLES `friendship_statuses` WRITE;
/*!40000 ALTER TABLE `friendship_statuses` DISABLE KEYS */;
INSERT INTO `friendship_statuses` VALUES (1,'et','2020-11-19 16:03:56','2020-11-19 16:03:56'),(2,'qui','2020-11-19 16:03:56','2020-11-19 16:03:56'),(3,'sit','2020-11-19 16:03:56','2020-11-19 16:03:56'),(4,'aut','2020-11-19 16:03:56','2020-11-19 16:03:56'),(5,'quam','2020-11-19 16:03:56','2020-11-19 16:03:56'),(6,'dolor','2020-11-19 16:03:56','2020-11-19 16:03:56'),(7,'quod','2020-11-19 16:03:56','2020-11-19 16:03:56'),(8,'soluta','2020-11-19 16:03:56','2020-11-19 16:03:56'),(9,'ut','2020-11-19 16:03:56','2020-11-19 16:03:56'),(10,'consequatur','2020-11-19 16:03:56','2020-11-19 16:03:56');
/*!40000 ALTER TABLE `friendship_statuses` ENABLE KEYS */;
UNLOCK TABLES;

--
-- Table structure for table `likes`
--

DROP TABLE IF EXISTS `likes`;
/*!40101 SET @saved_cs_client     = @@character_set_client */;
/*!40101 SET character_set_client = utf8 */;
CREATE TABLE `likes` (
  `user_id` int unsigned NOT NULL COMMENT 'Ссылка на пользователя-автора лайка',
  `like_obj_type_id` int unsigned NOT NULL COMMENT 'Ссылка на тип объекта лайка',
  `like_obj_id` int unsigned NOT NULL COMMENT 'Ссылка на объект лайка',
  `created_at` datetime DEFAULT CURRENT_TIMESTAMP COMMENT 'Время создания строки',
  PRIMARY KEY (`user_id`,`like_obj_type_id`,`like_obj_id`) COMMENT 'Составной первичный ключ'
) ENGINE=InnoDB DEFAULT CHARSET=utf8mb4 COLLATE=utf8mb4_0900_ai_ci COMMENT='Лайки медиафайлов, постов и пользователей';
/*!40101 SET character_set_client = @saved_cs_client */;

--
-- Dumping data for table `likes`
--

LOCK TABLES `likes` WRITE;
/*!40000 ALTER TABLE `likes` DISABLE KEYS */;
INSERT INTO `likes` VALUES (1,1,1,'2020-10-16 09:41:50'),(2,2,2,'2020-10-22 16:07:36'),(3,3,3,'2020-07-08 21:14:45'),(4,1,4,'2020-02-26 16:40:01'),(5,2,5,'2019-12-03 02:59:17'),(6,3,6,'2020-04-13 17:35:32'),(7,1,7,'2020-05-01 10:44:08'),(8,2,8,'2020-06-27 09:07:08'),(9,3,9,'2020-08-11 07:15:10'),(10,1,10,'2020-05-20 23:00:05'),(11,2,11,'2020-10-17 11:53:41'),(12,3,12,'2019-11-24 00:56:43'),(13,1,13,'2019-11-20 22:55:41'),(14,2,14,'2019-11-29 06:24:53'),(15,3,15,'2019-12-23 03:12:18'),(16,1,16,'2020-01-18 17:08:09'),(17,2,17,'2020-05-24 05:00:56'),(18,3,18,'2020-03-12 09:23:16'),(19,1,19,'2020-08-26 12:42:12'),(20,2,20,'2020-06-21 16:27:44'),(21,3,21,'2020-08-11 10:20:21'),(22,1,22,'2020-08-25 07:18:19'),(23,2,23,'2020-02-03 00:18:57'),(24,3,24,'2020-01-10 08:18:05'),(25,1,25,'2020-02-04 12:43:01'),(26,2,26,'2020-08-27 15:40:05'),(27,3,27,'2020-05-08 08:38:39'),(28,1,28,'2020-02-24 10:44:08'),(29,2,29,'2020-09-10 02:46:51'),(30,3,30,'2020-10-03 01:26:37'),(31,1,31,'2020-10-22 20:54:49'),(32,2,32,'2020-10-07 09:35:14'),(33,3,33,'2020-08-01 22:37:55'),(34,1,34,'2020-02-15 21:47:36'),(35,2,35,'2020-09-17 21:50:16'),(36,3,36,'2020-02-11 23:46:45'),(37,1,37,'2020-10-17 11:43:34'),(38,2,38,'2020-11-08 21:10:07'),(39,3,39,'2019-11-28 04:58:59'),(40,1,40,'2020-10-03 16:54:27'),(41,2,41,'2020-06-08 02:07:59'),(42,3,42,'2020-05-18 11:35:27'),(43,1,43,'2019-11-27 01:07:36'),(44,2,44,'2020-06-28 04:07:22'),(45,3,45,'2020-01-08 17:37:00'),(46,1,46,'2020-06-25 05:52:18'),(47,2,47,'2020-08-20 07:47:24'),(48,3,48,'2020-06-16 06:57:13'),(49,1,49,'2020-08-01 11:32:38'),(50,2,50,'2020-10-30 23:25:31'),(51,3,51,'2020-11-01 10:33:58'),(52,1,52,'2019-12-10 09:51:06'),(53,2,53,'2020-05-25 21:54:16'),(54,3,54,'2020-07-11 05:07:08'),(55,1,55,'2020-02-12 04:31:56'),(56,2,56,'2020-01-19 16:20:46'),(57,3,57,'2020-10-19 16:38:28'),(58,1,58,'2020-06-26 22:04:49'),(59,2,59,'2020-04-13 11:12:54'),(60,3,60,'2019-11-24 23:06:27'),(61,1,61,'2020-08-19 03:27:18'),(62,2,62,'2020-09-25 03:29:18'),(63,3,63,'2020-08-06 02:48:28'),(64,1,64,'2020-08-30 14:30:10'),(65,2,65,'2020-07-21 03:22:10'),(66,3,66,'2020-07-24 08:50:03'),(67,1,67,'2020-06-18 22:16:22'),(68,2,68,'2020-10-09 13:51:29'),(69,3,69,'2020-07-11 16:03:09'),(70,1,70,'2020-08-29 11:15:55'),(71,2,71,'2020-08-19 16:20:10'),(72,3,72,'2020-07-01 07:45:14'),(73,1,73,'2020-02-06 11:29:51'),(74,2,74,'2020-07-25 12:45:12'),(75,3,75,'2020-06-19 03:00:19'),(76,1,76,'2019-11-26 00:47:30'),(77,2,77,'2020-05-30 08:42:26'),(78,3,78,'2020-08-31 01:39:54'),(79,1,79,'2020-04-27 03:21:23'),(80,2,80,'2020-07-08 19:33:25'),(81,3,81,'2020-01-09 17:18:17'),(82,1,82,'2020-08-24 04:13:48'),(83,2,83,'2020-08-09 09:02:41'),(84,3,84,'2020-11-10 21:20:02'),(85,1,85,'2020-08-14 14:52:54'),(86,2,86,'2020-10-18 16:11:02'),(87,3,87,'2019-11-20 09:20:34'),(88,1,88,'2020-06-08 20:17:52'),(89,2,89,'2020-05-12 05:06:23'),(90,3,90,'2020-03-30 12:00:49'),(91,1,91,'2020-03-07 23:58:55'),(92,2,92,'2020-03-11 22:29:07'),(93,3,93,'2020-10-14 14:37:27'),(94,1,94,'2020-07-05 10:52:08'),(95,2,95,'2020-02-27 20:50:59'),(96,3,96,'2020-10-09 23:15:08'),(97,1,97,'2020-01-17 13:05:18'),(98,2,98,'2020-08-02 20:23:27'),(99,3,99,'2020-08-05 19:07:19'),(100,1,100,'2020-03-09 21:45:33');
/*!40000 ALTER TABLE `likes` ENABLE KEYS */;
UNLOCK TABLES;

--
-- Table structure for table `likes_obj_types`
--

DROP TABLE IF EXISTS `likes_obj_types`;
/*!40101 SET @saved_cs_client     = @@character_set_client */;
/*!40101 SET character_set_client = utf8 */;
CREATE TABLE `likes_obj_types` (
  `id` int unsigned NOT NULL AUTO_INCREMENT COMMENT 'Идентификатор строки',
  `name` varchar(255) NOT NULL COMMENT 'Название типа',
  `created_at` datetime DEFAULT CURRENT_TIMESTAMP COMMENT 'Время создания строки',
  `updated_at` datetime DEFAULT CURRENT_TIMESTAMP ON UPDATE CURRENT_TIMESTAMP COMMENT 'Время обновления строки',
  PRIMARY KEY (`id`),
  UNIQUE KEY `name` (`name`)
) ENGINE=InnoDB AUTO_INCREMENT=4 DEFAULT CHARSET=utf8mb4 COLLATE=utf8mb4_0900_ai_ci COMMENT='Типы объектов лайка';
/*!40101 SET character_set_client = @saved_cs_client */;

--
-- Dumping data for table `likes_obj_types`
--

LOCK TABLES `likes_obj_types` WRITE;
/*!40000 ALTER TABLE `likes_obj_types` DISABLE KEYS */;
INSERT INTO `likes_obj_types` VALUES (1,'user','2020-03-28 19:00:45','2020-11-19 16:10:22'),(2,'message','2020-07-28 00:15:30','2020-11-19 16:10:22'),(3,'media','2020-05-15 19:33:12','2020-11-19 16:10:22');
/*!40000 ALTER TABLE `likes_obj_types` ENABLE KEYS */;
UNLOCK TABLES;

--
-- Table structure for table `media`
--

DROP TABLE IF EXISTS `media`;
/*!40101 SET @saved_cs_client     = @@character_set_client */;
/*!40101 SET character_set_client = utf8 */;
CREATE TABLE `media` (
  `id` int unsigned NOT NULL AUTO_INCREMENT COMMENT 'Идентификатор строки',
  `user_id` int unsigned NOT NULL COMMENT 'Ссылка на пользователя, который загрузил файл',
  `filename` varchar(255) NOT NULL COMMENT 'Путь к файлу',
  `size` int NOT NULL COMMENT 'Размер файла',
  `metadata` json DEFAULT NULL COMMENT 'Метаданные файла',
  `media_type_id` int unsigned NOT NULL COMMENT 'Ссылка на тип контента',
  `created_at` datetime DEFAULT CURRENT_TIMESTAMP COMMENT 'Время создания строки',
  `updated_at` datetime DEFAULT CURRENT_TIMESTAMP ON UPDATE CURRENT_TIMESTAMP COMMENT 'Время обновления строки',
  PRIMARY KEY (`id`)
) ENGINE=InnoDB AUTO_INCREMENT=301 DEFAULT CHARSET=utf8mb4 COLLATE=utf8mb4_0900_ai_ci COMMENT='Медиафайлы';
/*!40101 SET character_set_client = @saved_cs_client */;

--
-- Dumping data for table `media`
--

LOCK TABLES `media` WRITE;
/*!40000 ALTER TABLE `media` DISABLE KEYS */;
INSERT INTO `media` VALUES (1,1,'90ac3da2-cbed-3daf-8ea3-449eaabec7c1',9,NULL,1,'2020-11-19 15:59:09','2020-11-19 15:59:09'),(2,2,'55650560-6eeb-3dc7-89bd-176e0b33c972',149547,NULL,2,'2020-11-19 15:59:09','2020-11-19 15:59:09'),(3,3,'db965fcf-e258-39cf-8bed-c287f22dd6c1',789,NULL,3,'2020-11-19 15:59:09','2020-11-19 15:59:09'),(4,4,'daed30f9-664b-3894-a629-98cbee4ac296',719665648,NULL,4,'2020-11-19 15:59:09','2020-11-19 15:59:09'),(5,5,'317ccdf8-051e-3b8e-8a0b-26390f578198',0,NULL,5,'2020-11-19 15:59:09','2020-11-19 15:59:09'),(6,6,'bbc4cd1f-cdcc-3b6c-95f5-1b227760f189',5143,NULL,6,'2020-11-19 15:59:09','2020-11-19 15:59:09'),(7,7,'c2579dd5-8974-3119-98ad-65eb89d111fb',347197,NULL,7,'2020-11-19 15:59:09','2020-11-19 15:59:09'),(8,8,'40b00dbe-26ff-3ceb-9ee0-f882565d8016',55357887,NULL,8,'2020-11-19 15:59:09','2020-11-19 15:59:09'),(9,9,'40d6260f-4868-3e3d-8171-63debbfff6f5',597,NULL,9,'2020-11-19 15:59:09','2020-11-19 15:59:09'),(10,10,'22223bce-3600-320f-a77d-f2b7db9459f5',295593054,NULL,10,'2020-11-19 15:59:09','2020-11-19 15:59:09'),(11,11,'79c9d222-7051-3e2b-83ed-f0d0f666f430',0,NULL,1,'2020-11-19 15:59:09','2020-11-19 15:59:09'),(12,12,'01c18641-256d-32aa-90b3-35a5eb9ebac1',65991228,NULL,2,'2020-11-19 15:59:09','2020-11-19 15:59:09'),(13,13,'b1e28044-49f4-3ff3-8e4d-59459a791ba2',2014,NULL,3,'2020-11-19 15:59:09','2020-11-19 15:59:09'),(14,14,'be1a8d88-83a4-3f26-9e95-1be42369ea45',9512456,NULL,4,'2020-11-19 15:59:09','2020-11-19 15:59:09'),(15,15,'45af66fc-291b-3d83-9545-ea5935842a79',9528,NULL,5,'2020-11-19 15:59:09','2020-11-19 15:59:09'),(16,16,'43ec0fa1-9344-3f95-9688-76838ba6eaaf',406,NULL,6,'2020-11-19 15:59:09','2020-11-19 15:59:09'),(17,17,'593f0e87-96a3-3cff-ab79-9d11f0c95620',53022,NULL,7,'2020-11-19 15:59:09','2020-11-19 15:59:09'),(18,18,'72384b45-6c1f-3c79-a2a9-6bfd467cd947',78907912,NULL,8,'2020-11-19 15:59:09','2020-11-19 15:59:09'),(19,19,'5c23dbd6-d9eb-3659-a086-1677aac93fdd',89313153,NULL,9,'2020-11-19 15:59:09','2020-11-19 15:59:09'),(20,20,'cb125257-e1b1-3ae2-b87c-d678fb75cc4c',3138,NULL,10,'2020-11-19 15:59:09','2020-11-19 15:59:09'),(21,21,'afcad229-bf6b-39ce-8a64-626494890a6a',4,NULL,1,'2020-11-19 15:59:09','2020-11-19 15:59:09'),(22,22,'0a294c3e-095f-3db6-aea2-30d23fc90ed7',41,NULL,2,'2020-11-19 15:59:09','2020-11-19 15:59:09'),(23,23,'55c17e29-641c-3734-b75f-6485b04eeece',75,NULL,3,'2020-11-19 15:59:09','2020-11-19 15:59:09'),(24,24,'fd13615d-658e-34de-9a0b-52808676e191',75,NULL,4,'2020-11-19 15:59:09','2020-11-19 15:59:09'),(25,25,'9e78bded-31c4-3f04-ac34-6fda7daa5237',1669,NULL,5,'2020-11-19 15:59:09','2020-11-19 15:59:09'),(26,26,'9c92e9df-1cb3-37fe-963f-861fd8ecf2f5',2,NULL,6,'2020-11-19 15:59:09','2020-11-19 15:59:09'),(27,27,'0fde50f0-3ca2-3e10-9b20-758d4d820a97',4458438,NULL,7,'2020-11-19 15:59:09','2020-11-19 15:59:09'),(28,28,'0a06d2c1-a1d9-379e-bfcc-f9e585e19861',552,NULL,8,'2020-11-19 15:59:09','2020-11-19 15:59:09'),(29,29,'fa19647b-5fd5-3e70-b402-ac30194d86df',0,NULL,9,'2020-11-19 15:59:09','2020-11-19 15:59:09'),(30,30,'a5ad797c-43ec-3eb8-913e-98e1f1f9336e',0,NULL,10,'2020-11-19 15:59:09','2020-11-19 15:59:09'),(31,31,'f3974b32-9417-3c10-9451-2b4e12d8929c',27599958,NULL,1,'2020-11-19 15:59:09','2020-11-19 15:59:09'),(32,32,'87baa0d2-eeac-3c1b-8254-92537ec309a7',721416671,NULL,2,'2020-11-19 15:59:09','2020-11-19 15:59:09'),(33,33,'aabd34da-9773-3662-9dad-cb48e42aeb60',140,NULL,3,'2020-11-19 15:59:09','2020-11-19 15:59:09'),(34,34,'f9dbe0dd-0d60-3152-a5b3-e59ad56405a1',405898216,NULL,4,'2020-11-19 15:59:09','2020-11-19 15:59:09'),(35,35,'b332a497-71ed-3b5e-85a4-27c4fb8394f6',64,NULL,5,'2020-11-19 15:59:09','2020-11-19 15:59:09'),(36,36,'d8189712-6035-3c3d-9599-068c741a32a5',4,NULL,6,'2020-11-19 15:59:09','2020-11-19 15:59:09'),(37,37,'3e9c29ce-330c-33ea-a993-7375e334e83c',7228028,NULL,7,'2020-11-19 15:59:09','2020-11-19 15:59:09'),(38,38,'35f2ebb7-8b6d-37de-bc5d-81b46b3e447b',83724026,NULL,8,'2020-11-19 15:59:09','2020-11-19 15:59:09'),(39,39,'ea987cc1-95f2-31f2-a982-0526c281ac54',6385,NULL,9,'2020-11-19 15:59:09','2020-11-19 15:59:09'),(40,40,'f51acfab-6a04-3c6d-b454-cba5eda71c85',8,NULL,10,'2020-11-19 15:59:09','2020-11-19 15:59:09'),(41,41,'ee0ca793-3a1b-3cd8-bf12-1f7222a071da',68449,NULL,1,'2020-11-19 15:59:09','2020-11-19 15:59:09'),(42,42,'e922b2b7-0ff1-395e-aeef-561ad793ef3b',14,NULL,2,'2020-11-19 15:59:09','2020-11-19 15:59:09'),(43,43,'7e65f172-5381-3a06-b072-887378257f86',0,NULL,3,'2020-11-19 15:59:09','2020-11-19 15:59:09'),(44,44,'eea4f460-4692-3021-8d16-e5636298b3d4',7116913,NULL,4,'2020-11-19 15:59:09','2020-11-19 15:59:09'),(45,45,'7c7b8623-5299-3826-bbd5-5c71fa4c92a5',62,NULL,5,'2020-11-19 15:59:09','2020-11-19 15:59:09'),(46,46,'d30719b8-8f0d-3e76-bf89-135bae0fb730',79571556,NULL,6,'2020-11-19 15:59:09','2020-11-19 15:59:09'),(47,47,'d827ed7e-0fd4-3f67-815f-9164143ccbe4',7720,NULL,7,'2020-11-19 15:59:09','2020-11-19 15:59:09'),(48,48,'953688ac-5516-380f-aea1-86d8774190c6',4596169,NULL,8,'2020-11-19 15:59:09','2020-11-19 15:59:09'),(49,49,'6b5c3e44-137f-3b48-9665-48eba1afe27b',467363,NULL,9,'2020-11-19 15:59:09','2020-11-19 15:59:09'),(50,50,'c01df206-b175-3426-8490-3061da3af444',1252,NULL,10,'2020-11-19 15:59:09','2020-11-19 15:59:09'),(51,51,'18e4d2c8-1983-3e6d-bad4-bb69cb6254af',3521,NULL,1,'2020-11-19 15:59:09','2020-11-19 15:59:09'),(52,52,'b4b9c632-8f00-3f5c-86f8-b5c087874dd1',8124,NULL,2,'2020-11-19 15:59:09','2020-11-19 15:59:09'),(53,53,'59337556-e59b-3932-8f68-96d566446783',145571679,NULL,3,'2020-11-19 15:59:09','2020-11-19 15:59:09'),(54,54,'8ff5a0e5-8f5d-3672-9b69-6ab749b0b81b',95,NULL,4,'2020-11-19 15:59:09','2020-11-19 15:59:09'),(55,55,'99843af7-b236-3062-81aa-a8680646e75b',0,NULL,5,'2020-11-19 15:59:09','2020-11-19 15:59:09'),(56,56,'9ea371a1-1426-3836-b9a3-5e31dc5c27ef',0,NULL,6,'2020-11-19 15:59:09','2020-11-19 15:59:09'),(57,57,'41653ef6-946a-34c2-8430-6154e4591544',2067,NULL,7,'2020-11-19 15:59:09','2020-11-19 15:59:09'),(58,58,'98553ff0-1caa-3a02-a296-6e84e369781c',84,NULL,8,'2020-11-19 15:59:09','2020-11-19 15:59:09'),(59,59,'e8037042-b263-3ad8-b4c6-c0e56d287fec',575632,NULL,9,'2020-11-19 15:59:09','2020-11-19 15:59:09'),(60,60,'1b93fd7b-532e-3801-bf95-311b01f8f7c1',99,NULL,10,'2020-11-19 15:59:09','2020-11-19 15:59:09'),(61,61,'d7634b85-5ef3-34d9-ad0b-c0577e88be7f',209069165,NULL,1,'2020-11-19 15:59:09','2020-11-19 15:59:09'),(62,62,'93113d34-3e07-3349-9c30-800c0bf62707',7,NULL,2,'2020-11-19 15:59:09','2020-11-19 15:59:09'),(63,63,'c2012651-b7aa-3d85-90ad-685e1e046a28',3116077,NULL,3,'2020-11-19 15:59:09','2020-11-19 15:59:09'),(64,64,'5f3c70c2-07fa-3359-a5bc-5a7df8add64b',4642,NULL,4,'2020-11-19 15:59:09','2020-11-19 15:59:09'),(65,65,'8a17054b-cdd2-34f5-8ed4-188e7a661ec9',787580,NULL,5,'2020-11-19 15:59:09','2020-11-19 15:59:09'),(66,66,'2956a982-6dc7-37e2-a103-5152a8a447f3',376,NULL,6,'2020-11-19 15:59:09','2020-11-19 15:59:09'),(67,67,'0470776e-5c37-3c08-8062-7791287eb876',4300,NULL,7,'2020-11-19 15:59:09','2020-11-19 15:59:09'),(68,68,'16b6dd2b-639f-3a8f-88fa-26ac08e69dc1',7891,NULL,8,'2020-11-19 15:59:09','2020-11-19 15:59:09'),(69,69,'f352169a-b4e3-34b8-8e6f-c9bad9c52685',0,NULL,9,'2020-11-19 15:59:09','2020-11-19 15:59:09'),(70,70,'cb1d6f4e-9e73-310d-b85e-d3416339e2c4',12,NULL,10,'2020-11-19 15:59:09','2020-11-19 15:59:09'),(71,71,'78eb7d66-e531-365e-9f34-0bffb8d7abdd',76592720,NULL,1,'2020-11-19 15:59:09','2020-11-19 15:59:09'),(72,72,'d6a40596-bc60-3db6-bd8d-a7d3c5f5870e',743,NULL,2,'2020-11-19 15:59:09','2020-11-19 15:59:09'),(73,73,'81aeb91e-23af-3312-8933-66d57291e011',381161,NULL,3,'2020-11-19 15:59:09','2020-11-19 15:59:09'),(74,74,'24b5b805-7385-3234-81e2-6e2884c5f038',96,NULL,4,'2020-11-19 15:59:09','2020-11-19 15:59:09'),(75,75,'e2c99a83-9573-3217-8088-657644ec1c61',61,NULL,5,'2020-11-19 15:59:09','2020-11-19 15:59:09'),(76,76,'c7fb8cbc-9b2e-35bd-a88a-62acd93fc4e5',1,NULL,6,'2020-11-19 15:59:09','2020-11-19 15:59:09'),(77,77,'d384121e-a0eb-37d6-914c-88a0d6f838eb',15509,NULL,7,'2020-11-19 15:59:09','2020-11-19 15:59:09'),(78,78,'3a10f7ee-8534-355f-9e1d-bd3ddaf71c44',3262,NULL,8,'2020-11-19 15:59:09','2020-11-19 15:59:09'),(79,79,'9cd319af-873c-3efb-9dcc-e5b12c3d676a',49,NULL,9,'2020-11-19 15:59:09','2020-11-19 15:59:09'),(80,80,'e0d1da08-0863-3689-a97f-f9f25fcda022',0,NULL,10,'2020-11-19 15:59:09','2020-11-19 15:59:09'),(81,81,'35debc6a-993a-37ca-8250-734e33171571',2289,NULL,1,'2020-11-19 15:59:09','2020-11-19 15:59:09'),(82,82,'f0959b2f-11ab-3737-bf4a-6369f60d1a86',253,NULL,2,'2020-11-19 15:59:09','2020-11-19 15:59:09'),(83,83,'e651eab5-eaca-3dff-819c-ac42f2ff3c46',6820,NULL,3,'2020-11-19 15:59:09','2020-11-19 15:59:09'),(84,84,'97be3480-5d6b-3201-b81a-666bc2bdd516',664357743,NULL,4,'2020-11-19 15:59:09','2020-11-19 15:59:09'),(85,85,'0e96c043-9cc1-3664-8d7e-19448f148578',381,NULL,5,'2020-11-19 15:59:09','2020-11-19 15:59:09'),(86,86,'818f9c09-6f28-30e1-a1b6-d63c48b2940d',767404921,NULL,6,'2020-11-19 15:59:09','2020-11-19 15:59:09'),(87,87,'7ec6f294-0b20-38cb-a500-e0400c60bc43',2733248,NULL,7,'2020-11-19 15:59:09','2020-11-19 15:59:09'),(88,88,'1de0e0cf-602f-3d7e-baa3-d65947024837',0,NULL,8,'2020-11-19 15:59:09','2020-11-19 15:59:09'),(89,89,'a226e569-42ae-39c0-a2c5-3dc8f7b7376b',81988746,NULL,9,'2020-11-19 15:59:09','2020-11-19 15:59:09'),(90,90,'a807ae6e-73cf-3360-b6c6-73e2e4daaf80',7189986,NULL,10,'2020-11-19 15:59:09','2020-11-19 15:59:09'),(91,91,'9023eb0f-b2ba-3150-8fdd-608d63ef7379',4,NULL,1,'2020-11-19 15:59:09','2020-11-19 15:59:09'),(92,92,'af912879-7f0e-3319-b7c9-9aac1c99c596',6612,NULL,2,'2020-11-19 15:59:09','2020-11-19 15:59:09'),(93,93,'382bb5b9-7b1e-33f9-9789-4ee7c7f82553',366,NULL,3,'2020-11-19 15:59:09','2020-11-19 15:59:09'),(94,94,'c8333675-f8b3-3082-a9d4-2cf2aae25ec5',9,NULL,4,'2020-11-19 15:59:09','2020-11-19 15:59:09'),(95,95,'752f2066-01ce-3d55-97a2-a8c006fd4fab',30,NULL,5,'2020-11-19 15:59:09','2020-11-19 15:59:09'),(96,96,'accb560c-6e90-357e-bec0-2c96e221dc85',77,NULL,6,'2020-11-19 15:59:09','2020-11-19 15:59:09'),(97,97,'341bfee8-2ad9-3ab4-a76e-ead2faa78429',42,NULL,7,'2020-11-19 15:59:09','2020-11-19 15:59:09'),(98,98,'81d1d6cb-877c-3267-9b32-aebb37c233da',454800,NULL,8,'2020-11-19 15:59:09','2020-11-19 15:59:09'),(99,99,'dc2f80a6-bd28-31a6-a5cd-9a1bc0b800a5',6467782,NULL,9,'2020-11-19 15:59:09','2020-11-19 15:59:09'),(100,100,'dad72b2a-2466-32a2-8029-13da8e177503',239494662,NULL,10,'2020-11-19 15:59:09','2020-11-19 15:59:09'),(101,1,'0d2dbf1b-1719-3cfc-8326-127f66c7671e',6,NULL,1,'2020-11-19 15:59:09','2020-11-19 15:59:09'),(102,2,'755012f6-ffef-3999-a67f-51b8ef5630e3',7,NULL,2,'2020-11-19 15:59:09','2020-11-19 15:59:09'),(103,3,'a91aedad-8531-343e-9d33-48d6a8e072f7',386,NULL,3,'2020-11-19 15:59:09','2020-11-19 15:59:09'),(104,4,'91c3a643-52dd-33f8-9319-94e0c962b217',104894,NULL,4,'2020-11-19 15:59:09','2020-11-19 15:59:09'),(105,5,'e9a1da4a-20d1-3f33-9164-271005434924',3816025,NULL,5,'2020-11-19 15:59:09','2020-11-19 15:59:09'),(106,6,'87db5cf3-663b-37b3-8247-f4996689632d',1,NULL,6,'2020-11-19 15:59:09','2020-11-19 15:59:09'),(107,7,'1e1e15c1-a648-3821-a9bf-7d8455680f2f',21,NULL,7,'2020-11-19 15:59:09','2020-11-19 15:59:09'),(108,8,'5f716e9e-30e8-33f0-a8ae-536f095a382f',2,NULL,8,'2020-11-19 15:59:09','2020-11-19 15:59:09'),(109,9,'f8e1d20b-ca74-3403-ac3e-b465014ffef9',4388,NULL,9,'2020-11-19 15:59:09','2020-11-19 15:59:09'),(110,10,'8c01e064-b87c-3671-a525-37446cebf5a3',92,NULL,10,'2020-11-19 15:59:09','2020-11-19 15:59:09'),(111,11,'1906dc42-a5cf-308d-9658-81e621c8766c',0,NULL,1,'2020-11-19 15:59:09','2020-11-19 15:59:09'),(112,12,'2044039d-e097-36c4-aeea-de41b5b8eafa',718,NULL,2,'2020-11-19 15:59:09','2020-11-19 15:59:09'),(113,13,'59812b75-a56b-36ad-907d-32667a76d1f0',13775972,NULL,3,'2020-11-19 15:59:09','2020-11-19 15:59:09'),(114,14,'8b162b28-93ad-32de-9578-4deafa33f472',20024,NULL,4,'2020-11-19 15:59:09','2020-11-19 15:59:09'),(115,15,'aeef7b96-e627-33e8-82c1-bb79c2c166d8',259678178,NULL,5,'2020-11-19 15:59:09','2020-11-19 15:59:09'),(116,16,'8fc2be2c-2879-35d1-93b3-0b321fa5f95a',9351874,NULL,6,'2020-11-19 15:59:09','2020-11-19 15:59:09'),(117,17,'b2d36fa8-b018-3280-a59a-011f86b1c0d7',240932,NULL,7,'2020-11-19 15:59:09','2020-11-19 15:59:09'),(118,18,'7b96ae4d-315a-3ed8-bd94-efc8ee3514d0',0,NULL,8,'2020-11-19 15:59:09','2020-11-19 15:59:09'),(119,19,'40eab21b-b99d-3b9d-aa6b-c0541f086360',61836818,NULL,9,'2020-11-19 15:59:09','2020-11-19 15:59:09'),(120,20,'ab4167ad-4096-3928-ad6d-65584d3a8469',981576430,NULL,10,'2020-11-19 15:59:09','2020-11-19 15:59:09'),(121,21,'b6ea80c0-5319-33c0-bec4-dfc57f88eeed',885564,NULL,1,'2020-11-19 15:59:09','2020-11-19 15:59:09'),(122,22,'8c885115-6815-3056-a989-25677fb8ed63',6026254,NULL,2,'2020-11-19 15:59:09','2020-11-19 15:59:09'),(123,23,'49327e46-9eca-3eec-a746-2e3760f5fb86',396121,NULL,3,'2020-11-19 15:59:09','2020-11-19 15:59:09'),(124,24,'abe62097-4ed9-3ff4-a625-a2f181b2f72b',1793213,NULL,4,'2020-11-19 15:59:09','2020-11-19 15:59:09'),(125,25,'8f9e2185-e6f4-330d-893a-f66d66e49e90',405023719,NULL,5,'2020-11-19 15:59:09','2020-11-19 15:59:09'),(126,26,'c17147bc-7037-3bd5-b27f-640e93f695a2',0,NULL,6,'2020-11-19 15:59:09','2020-11-19 15:59:09'),(127,27,'abf4db2b-b8cb-3069-aa17-dd083141966a',0,NULL,7,'2020-11-19 15:59:09','2020-11-19 15:59:09'),(128,28,'8961fc25-ec03-3a86-af30-df86305ed47b',0,NULL,8,'2020-11-19 15:59:09','2020-11-19 15:59:09'),(129,29,'509847b0-a381-3a23-b41d-3a13349c49ff',298579,NULL,9,'2020-11-19 15:59:09','2020-11-19 15:59:09'),(130,30,'a0d7d3ef-1098-321c-ab95-1c1a60a5843f',554663,NULL,10,'2020-11-19 15:59:09','2020-11-19 15:59:09'),(131,31,'97aea41a-c2dd-319c-a615-f1c60b5eeadd',145435300,NULL,1,'2020-11-19 15:59:09','2020-11-19 15:59:09'),(132,32,'c98fb59d-9ac5-3a54-b230-91586f6cfe04',0,NULL,2,'2020-11-19 15:59:09','2020-11-19 15:59:09'),(133,33,'e191064e-7e31-36b3-8445-fb3d13c64fb3',4000167,NULL,3,'2020-11-19 15:59:09','2020-11-19 15:59:09'),(134,34,'07995ef2-3cb7-3e80-bbb3-9bcb8bd9916c',3048,NULL,4,'2020-11-19 15:59:09','2020-11-19 15:59:09'),(135,35,'63ff694b-9a34-3392-84c0-f86c01c1fe8c',39986,NULL,5,'2020-11-19 15:59:09','2020-11-19 15:59:09'),(136,36,'72fa48e5-32c4-3755-9445-aa4c5da1676d',135438379,NULL,6,'2020-11-19 15:59:09','2020-11-19 15:59:09'),(137,37,'f5e72408-9783-3c9b-ac15-86c0503cab95',62838897,NULL,7,'2020-11-19 15:59:09','2020-11-19 15:59:09'),(138,38,'21f68268-800b-339b-a52e-f105a84f16cd',89,NULL,8,'2020-11-19 15:59:09','2020-11-19 15:59:09'),(139,39,'b88e6245-2480-39bd-a3f1-27e2701e265f',0,NULL,9,'2020-11-19 15:59:09','2020-11-19 15:59:09'),(140,40,'6b65f031-a1ef-3bb3-9244-961723b11404',6853,NULL,10,'2020-11-19 15:59:09','2020-11-19 15:59:09'),(141,41,'a361fcb2-9477-3635-a5f0-353916101b68',50752,NULL,1,'2020-11-19 15:59:09','2020-11-19 15:59:09'),(142,42,'ba701ddb-4d45-3285-a654-8a33752cc2d2',206378111,NULL,2,'2020-11-19 15:59:09','2020-11-19 15:59:09'),(143,43,'e8f15a6d-24b9-3351-9170-0fae4efdd8c4',935,NULL,3,'2020-11-19 15:59:09','2020-11-19 15:59:09'),(144,44,'59b29ef8-4c1a-35e4-bd3a-dba4962f9377',65,NULL,4,'2020-11-19 15:59:09','2020-11-19 15:59:09'),(145,45,'6adbcc4f-5fec-3337-8f00-1cd5172514fb',922,NULL,5,'2020-11-19 15:59:09','2020-11-19 15:59:09'),(146,46,'4493313c-e861-3df6-9d96-6cc9cbbdf00f',4870833,NULL,6,'2020-11-19 15:59:09','2020-11-19 15:59:09'),(147,47,'08e39682-2651-368f-bf6c-8b7ba8d6816e',70893,NULL,7,'2020-11-19 15:59:09','2020-11-19 15:59:09'),(148,48,'9a012346-1984-398e-8e35-c6bf4f323742',43357,NULL,8,'2020-11-19 15:59:09','2020-11-19 15:59:09'),(149,49,'454f79e2-4685-3a30-b5b0-bae3fb7048bd',23487,NULL,9,'2020-11-19 15:59:09','2020-11-19 15:59:09'),(150,50,'1fec70d3-9f05-3110-be23-e5d8e3b274b0',14,NULL,10,'2020-11-19 15:59:09','2020-11-19 15:59:09'),(151,51,'0a1fe20d-6679-33f3-be51-5658ae59d0da',299,NULL,1,'2020-11-19 15:59:09','2020-11-19 15:59:09'),(152,52,'4014676d-00b1-342a-90d5-92dcea809ce5',0,NULL,2,'2020-11-19 15:59:09','2020-11-19 15:59:09'),(153,53,'4545cf52-40cd-3818-8322-0da31abcad15',145,NULL,3,'2020-11-19 15:59:09','2020-11-19 15:59:09'),(154,54,'c7778dbf-381e-3e9a-867f-a1927409a546',94,NULL,4,'2020-11-19 15:59:09','2020-11-19 15:59:09'),(155,55,'ab25285c-c9e8-3ff1-8f32-2d2ace399ea0',952472423,NULL,5,'2020-11-19 15:59:09','2020-11-19 15:59:09'),(156,56,'c208d1db-a42a-306f-b6c4-ccb08942c502',704,NULL,6,'2020-11-19 15:59:09','2020-11-19 15:59:09'),(157,57,'5f67f1eb-1beb-326b-8613-99b3675da2b9',77,NULL,7,'2020-11-19 15:59:09','2020-11-19 15:59:09'),(158,58,'20736a03-5f71-327b-a241-05a33134e400',188388,NULL,8,'2020-11-19 15:59:09','2020-11-19 15:59:09'),(159,59,'aec377fa-f5cc-3cbb-9bc2-e4e519a2e285',0,NULL,9,'2020-11-19 15:59:09','2020-11-19 15:59:09'),(160,60,'1d2dab7c-e2b0-3373-b436-d9cd2c5e27db',10467811,NULL,10,'2020-11-19 15:59:09','2020-11-19 15:59:09'),(161,61,'74949d47-aa1a-32db-9d6e-42c611afd44d',924975,NULL,1,'2020-11-19 15:59:09','2020-11-19 15:59:09'),(162,62,'a9b5de2a-c948-3c34-9dd0-7072104fb128',4,NULL,2,'2020-11-19 15:59:09','2020-11-19 15:59:09'),(163,63,'12f288a2-fd4e-39a6-b649-00e638b300cd',76427614,NULL,3,'2020-11-19 15:59:09','2020-11-19 15:59:09'),(164,64,'5477e4c4-41c6-3e5b-877e-0bb745972291',324,NULL,4,'2020-11-19 15:59:09','2020-11-19 15:59:09'),(165,65,'18d00fd6-3c35-397e-a823-b133ec7ce6bb',6880723,NULL,5,'2020-11-19 15:59:09','2020-11-19 15:59:09'),(166,66,'1cd88876-508c-363f-b56b-c853cad3e8ae',57,NULL,6,'2020-11-19 15:59:09','2020-11-19 15:59:09'),(167,67,'fbc33e77-0977-3829-be20-bb6fa239aa1d',56946436,NULL,7,'2020-11-19 15:59:09','2020-11-19 15:59:09'),(168,68,'39da3e58-e33a-3345-aac0-f694f9251536',35737157,NULL,8,'2020-11-19 15:59:09','2020-11-19 15:59:09'),(169,69,'a4617912-6559-3d7f-8de1-560636a9ee28',98873,NULL,9,'2020-11-19 15:59:09','2020-11-19 15:59:09'),(170,70,'7d643a89-c560-30b0-9fb2-590ee33e7f99',1584,NULL,10,'2020-11-19 15:59:09','2020-11-19 15:59:09'),(171,71,'9bcbcec8-441e-367d-8eb8-31a729094b22',653304,NULL,1,'2020-11-19 15:59:09','2020-11-19 15:59:09'),(172,72,'2f54aa8c-d9cd-30cd-a5bc-4988fb6bf5a0',9661400,NULL,2,'2020-11-19 15:59:09','2020-11-19 15:59:09'),(173,73,'bd85b237-d5f3-3d0d-9ebd-fc40053f19e2',501566,NULL,3,'2020-11-19 15:59:09','2020-11-19 15:59:09'),(174,74,'7bbf1485-ee1b-3163-b329-1f1adb2b50aa',479,NULL,4,'2020-11-19 15:59:09','2020-11-19 15:59:09'),(175,75,'96722bef-9db9-3cb5-b46f-dcb3e709bd4e',6952,NULL,5,'2020-11-19 15:59:09','2020-11-19 15:59:09'),(176,76,'ee91312f-5cf1-385c-9f7b-f91b0e0fe943',942458277,NULL,6,'2020-11-19 15:59:09','2020-11-19 15:59:09'),(177,77,'59135124-c622-30e7-8803-8c4c9004a712',6899743,NULL,7,'2020-11-19 15:59:09','2020-11-19 15:59:09'),(178,78,'6230edc7-2975-37b0-ad76-5bc4cb83ba3f',2316275,NULL,8,'2020-11-19 15:59:09','2020-11-19 15:59:09'),(179,79,'1b215166-c5c2-3e18-bd0e-908bba0f5eb2',3422616,NULL,9,'2020-11-19 15:59:09','2020-11-19 15:59:09'),(180,80,'7d33408c-cf27-3d94-ab6c-2e26a2a5405a',657241969,NULL,10,'2020-11-19 15:59:09','2020-11-19 15:59:09'),(181,81,'f3aeb115-e6c5-3f31-b2eb-6c3bab675ab9',0,NULL,1,'2020-11-19 15:59:09','2020-11-19 15:59:09'),(182,82,'8ce61967-d046-32d6-9194-f071ca0306b2',4531943,NULL,2,'2020-11-19 15:59:09','2020-11-19 15:59:09'),(183,83,'8967c32d-d3f8-3139-b88e-7effb97cf5ae',5484216,NULL,3,'2020-11-19 15:59:09','2020-11-19 15:59:09'),(184,84,'735c24d1-257b-3cf8-968a-c0b4ba605dda',0,NULL,4,'2020-11-19 15:59:09','2020-11-19 15:59:09'),(185,85,'4ea7fdaa-fbc7-3f0f-96ff-d111302f20c5',8,NULL,5,'2020-11-19 15:59:09','2020-11-19 15:59:09'),(186,86,'9bf9df91-9468-3545-be43-4ead0fa40d5f',990,NULL,6,'2020-11-19 15:59:09','2020-11-19 15:59:09'),(187,87,'97a08398-8757-3613-b0fa-2a383b13c525',829879,NULL,7,'2020-11-19 15:59:09','2020-11-19 15:59:09'),(188,88,'d20dd53c-9e46-3232-bdef-83113475e868',1246,NULL,8,'2020-11-19 15:59:09','2020-11-19 15:59:09'),(189,89,'5a32c037-a95c-339d-909e-68cdbe301615',32,NULL,9,'2020-11-19 15:59:09','2020-11-19 15:59:09'),(190,90,'ea695f2e-3d47-3904-afcc-4f677eb1480b',13534,NULL,10,'2020-11-19 15:59:09','2020-11-19 15:59:09'),(191,91,'36e4aa9f-5a7d-39d4-8e42-a9c1ca6b5c7d',274224097,NULL,1,'2020-11-19 15:59:09','2020-11-19 15:59:09'),(192,92,'30e0804c-ba82-3e25-9242-e0508eb63b35',6546,NULL,2,'2020-11-19 15:59:09','2020-11-19 15:59:09'),(193,93,'87f5f6d5-16d6-3d4a-837d-2fb1ea6331f4',0,NULL,3,'2020-11-19 15:59:09','2020-11-19 15:59:09'),(194,94,'cd02f8ca-12e9-3f8b-acbd-ac3aeecb7eec',40255733,NULL,4,'2020-11-19 15:59:09','2020-11-19 15:59:09'),(195,95,'2da18013-eb69-3229-90a3-909cf30abc06',6039773,NULL,5,'2020-11-19 15:59:09','2020-11-19 15:59:09'),(196,96,'61c39d05-c76f-3832-acfb-ede44717c37c',0,NULL,6,'2020-11-19 15:59:09','2020-11-19 15:59:09'),(197,97,'15d1249a-3fc5-336d-87d6-554444673c6e',81120952,NULL,7,'2020-11-19 15:59:09','2020-11-19 15:59:09'),(198,98,'d3c9de1f-8cf5-3665-86ed-265a73c57a29',86426,NULL,8,'2020-11-19 15:59:09','2020-11-19 15:59:09'),(199,99,'7689b922-5ce3-3cdd-b1f3-2b3caaaae8bf',4,NULL,9,'2020-11-19 15:59:09','2020-11-19 15:59:09'),(200,100,'e58a76e6-181a-3a0b-a82e-458027ff6f53',250099,NULL,10,'2020-11-19 15:59:09','2020-11-19 15:59:09'),(201,1,'64bc6122-35ef-327a-870b-0aba8961e54a',7093847,NULL,1,'2020-11-19 15:59:09','2020-11-19 15:59:09'),(202,2,'429add32-79c6-3c61-898f-ce325032dbe0',659,NULL,2,'2020-11-19 15:59:09','2020-11-19 15:59:09'),(203,3,'5a9572a2-a179-31d5-8756-aa375d7a414d',3010,NULL,3,'2020-11-19 15:59:09','2020-11-19 15:59:09'),(204,4,'038c9a62-8b04-3858-8822-1426067874f2',4414,NULL,4,'2020-11-19 15:59:09','2020-11-19 15:59:09'),(205,5,'7c6d32b1-80be-3606-8b13-b63c6f9ef437',75047557,NULL,5,'2020-11-19 15:59:09','2020-11-19 15:59:09'),(206,6,'a80f0d9c-769a-3e36-b352-ffd6b0974e3e',5,NULL,6,'2020-11-19 15:59:09','2020-11-19 15:59:09'),(207,7,'efa0704c-b948-34e5-99fc-74bed365bb83',47,NULL,7,'2020-11-19 15:59:09','2020-11-19 15:59:09'),(208,8,'f4aa9077-85bc-3e6c-aaf3-324d539acd23',0,NULL,8,'2020-11-19 15:59:09','2020-11-19 15:59:09'),(209,9,'196b0167-0b2b-3481-b682-12c660c93dbf',326,NULL,9,'2020-11-19 15:59:09','2020-11-19 15:59:09'),(210,10,'2e52b96e-896d-3ca4-939b-c1b120838d93',41791621,NULL,10,'2020-11-19 15:59:09','2020-11-19 15:59:09'),(211,11,'945c4550-1cc2-3cd5-a6cf-6cf50690c5a5',682757,NULL,1,'2020-11-19 15:59:09','2020-11-19 15:59:09'),(212,12,'5cb61943-35a9-3d76-a66e-09bbb0359344',90,NULL,2,'2020-11-19 15:59:09','2020-11-19 15:59:09'),(213,13,'4dfaf5cc-6e81-3ae4-8936-ac4f360e558e',4,NULL,3,'2020-11-19 15:59:09','2020-11-19 15:59:09'),(214,14,'972936c7-6d26-3cfb-9465-3a106973098a',2,NULL,4,'2020-11-19 15:59:09','2020-11-19 15:59:09'),(215,15,'9f32ebaa-9bec-3ae8-92aa-4edfa0cec853',5,NULL,5,'2020-11-19 15:59:09','2020-11-19 15:59:09'),(216,16,'4e3d6436-587d-35e5-b523-ee20167d6016',0,NULL,6,'2020-11-19 15:59:09','2020-11-19 15:59:09'),(217,17,'65f7532e-8afb-3e91-b590-10e07fd31607',6111085,NULL,7,'2020-11-19 15:59:09','2020-11-19 15:59:09'),(218,18,'cd6905ef-740d-303c-a9ec-bc39b569d9e3',490119,NULL,8,'2020-11-19 15:59:09','2020-11-19 15:59:09'),(219,19,'5248f2c7-a638-3683-9713-50ccca6e236e',0,NULL,9,'2020-11-19 15:59:09','2020-11-19 15:59:09'),(220,20,'7e8e6090-97f5-395f-bfe3-853d2b0c1666',36116,NULL,10,'2020-11-19 15:59:09','2020-11-19 15:59:09'),(221,21,'7d592469-7258-3baf-8da5-17d3a3dcaeb4',24,NULL,1,'2020-11-19 15:59:09','2020-11-19 15:59:09'),(222,22,'759a8e75-3f24-31bf-8365-750181b0d097',0,NULL,2,'2020-11-19 15:59:09','2020-11-19 15:59:09'),(223,23,'abe18ac6-5cb2-3e12-834e-a4bb906c0e3b',92623446,NULL,3,'2020-11-19 15:59:09','2020-11-19 15:59:09'),(224,24,'b202cd35-4dab-3672-8fd7-f5c778ef34a1',0,NULL,4,'2020-11-19 15:59:09','2020-11-19 15:59:09'),(225,25,'2971854b-ffc6-313f-bd7a-a09039c4a0c4',3,NULL,5,'2020-11-19 15:59:09','2020-11-19 15:59:09'),(226,26,'d374c90e-52a2-3f01-a713-89ff39bfc32f',1202443,NULL,6,'2020-11-19 15:59:09','2020-11-19 15:59:09'),(227,27,'379edc74-81ee-36f2-bc6b-fc280ebb3d14',468,NULL,7,'2020-11-19 15:59:09','2020-11-19 15:59:09'),(228,28,'28f4a6cf-923c-3b72-b5ca-e1f6e6a26727',3,NULL,8,'2020-11-19 15:59:09','2020-11-19 15:59:09'),(229,29,'5c64d710-c5ac-3adc-842d-cadd0f73e864',937074469,NULL,9,'2020-11-19 15:59:09','2020-11-19 15:59:09'),(230,30,'c4d25aac-5d53-3c32-8982-9eda05d1cd8c',570,NULL,10,'2020-11-19 15:59:09','2020-11-19 15:59:09'),(231,31,'771e0232-0040-3f0e-a2d3-418c20fc3b2a',75,NULL,1,'2020-11-19 15:59:09','2020-11-19 15:59:09'),(232,32,'d8745e65-3964-3bda-823a-1b0fd40bc2f3',41824619,NULL,2,'2020-11-19 15:59:09','2020-11-19 15:59:09'),(233,33,'338dabc3-53c1-3a42-ae19-6593ab2098cb',7204,NULL,3,'2020-11-19 15:59:09','2020-11-19 15:59:09'),(234,34,'b8ad5b7a-0888-3156-a98a-88dac06f779c',796948,NULL,4,'2020-11-19 15:59:09','2020-11-19 15:59:09'),(235,35,'1c4866f2-81ea-3f85-819a-9df92636f33e',357829872,NULL,5,'2020-11-19 15:59:09','2020-11-19 15:59:09'),(236,36,'093f9598-570b-31a0-8ce3-9f30dbf4f136',348,NULL,6,'2020-11-19 15:59:09','2020-11-19 15:59:09'),(237,37,'50c540cd-57d6-3af1-a6d0-d481a648ac8d',3063075,NULL,7,'2020-11-19 15:59:09','2020-11-19 15:59:09'),(238,38,'18bed6be-acb5-36da-9388-847df8c6f7c4',241133,NULL,8,'2020-11-19 15:59:09','2020-11-19 15:59:09'),(239,39,'e38870a9-0933-377d-a7a9-6f257d3fd549',92388,NULL,9,'2020-11-19 15:59:09','2020-11-19 15:59:09'),(240,40,'eb54a3a7-b10c-30a2-a891-424edad146eb',81587,NULL,10,'2020-11-19 15:59:09','2020-11-19 15:59:09'),(241,41,'1395893d-ddd8-3b54-aca0-7627338666af',863714637,NULL,1,'2020-11-19 15:59:09','2020-11-19 15:59:09'),(242,42,'9dcb0627-ba13-317a-8f94-94df0138236d',700025,NULL,2,'2020-11-19 15:59:09','2020-11-19 15:59:09'),(243,43,'605be79e-dc1d-348f-b61e-3d69ce813e24',180290,NULL,3,'2020-11-19 15:59:09','2020-11-19 15:59:09'),(244,44,'8a98007a-21b8-36a9-b749-f77f41000f1d',43,NULL,4,'2020-11-19 15:59:09','2020-11-19 15:59:09'),(245,45,'5a37cea7-0d55-3ce2-ab09-81fbadc44578',45277,NULL,5,'2020-11-19 15:59:09','2020-11-19 15:59:09'),(246,46,'58614c6d-b5b9-3d72-80dc-665a5d687d6e',691004117,NULL,6,'2020-11-19 15:59:09','2020-11-19 15:59:09'),(247,47,'1e0bdbb7-4b85-3119-ab95-5be07b40b689',601,NULL,7,'2020-11-19 15:59:09','2020-11-19 15:59:09'),(248,48,'dceb220f-b3d7-3849-b662-8b1c95b89da1',29517382,NULL,8,'2020-11-19 15:59:09','2020-11-19 15:59:09'),(249,49,'f3b349a6-ff3b-36d3-bf90-3b4256b11b31',378004718,NULL,9,'2020-11-19 15:59:09','2020-11-19 15:59:09'),(250,50,'13d1bd8d-3704-3041-b20d-0b4553578357',93750,NULL,10,'2020-11-19 15:59:09','2020-11-19 15:59:09'),(251,51,'a87eba38-2da5-342a-85de-ebbfa6c1455b',94447,NULL,1,'2020-11-19 15:59:09','2020-11-19 15:59:09'),(252,52,'6e32a81d-838e-39db-a978-071f4f7679b2',284258683,NULL,2,'2020-11-19 15:59:09','2020-11-19 15:59:09'),(253,53,'738fbecd-6721-3b26-9d13-daa44ab872e3',3246572,NULL,3,'2020-11-19 15:59:09','2020-11-19 15:59:09'),(254,54,'413cdbee-ee70-39d2-9410-0a8096f9966a',711,NULL,4,'2020-11-19 15:59:09','2020-11-19 15:59:09'),(255,55,'98845254-e15e-3043-9b32-0af095527070',9,NULL,5,'2020-11-19 15:59:09','2020-11-19 15:59:09'),(256,56,'c9de4acf-758f-36df-92f8-0ec5ab4dd3ad',12078192,NULL,6,'2020-11-19 15:59:09','2020-11-19 15:59:09'),(257,57,'1b86cd78-a2f3-3590-8747-695eb9b5c80e',4020647,NULL,7,'2020-11-19 15:59:09','2020-11-19 15:59:09'),(258,58,'f71b8fed-98d1-3b50-adff-cbfe7d573345',44704,NULL,8,'2020-11-19 15:59:09','2020-11-19 15:59:09'),(259,59,'2463ddc2-eef3-3c69-8915-8060c4d69b8e',52,NULL,9,'2020-11-19 15:59:09','2020-11-19 15:59:09'),(260,60,'e1a93025-5861-30e5-9854-88a12bae39b9',0,NULL,10,'2020-11-19 15:59:09','2020-11-19 15:59:09'),(261,61,'bbbe3b02-ece8-3728-88c7-ce907b832240',211,NULL,1,'2020-11-19 15:59:09','2020-11-19 15:59:09'),(262,62,'8801b75d-9905-3acc-af7c-e7249f100704',0,NULL,2,'2020-11-19 15:59:09','2020-11-19 15:59:09'),(263,63,'20510321-9459-3965-8770-1daa8c5571f9',0,NULL,3,'2020-11-19 15:59:09','2020-11-19 15:59:09'),(264,64,'6651b112-66f5-351d-a3a7-f77d4763376d',498,NULL,4,'2020-11-19 15:59:09','2020-11-19 15:59:09'),(265,65,'21737ca1-7737-3342-b0f4-ffb3810d738a',25644190,NULL,5,'2020-11-19 15:59:09','2020-11-19 15:59:09'),(266,66,'6b11fb06-a944-3a45-ad60-e4af444dcaa3',851112,NULL,6,'2020-11-19 15:59:09','2020-11-19 15:59:09'),(267,67,'6c10d62b-8dd2-3db4-bf5c-639c1d359d05',4971509,NULL,7,'2020-11-19 15:59:09','2020-11-19 15:59:09'),(268,68,'0ae83c7f-783e-33c9-b3b4-9736ca5de73a',995,NULL,8,'2020-11-19 15:59:09','2020-11-19 15:59:09'),(269,69,'fdeb5dc4-d047-39d6-a582-6f1a0bf0704c',192972,NULL,9,'2020-11-19 15:59:09','2020-11-19 15:59:09'),(270,70,'265b068d-d723-31c6-803a-e46908fb02d4',582,NULL,10,'2020-11-19 15:59:09','2020-11-19 15:59:09'),(271,71,'dbd82131-a687-3031-8056-6fe341ad9f91',27,NULL,1,'2020-11-19 15:59:09','2020-11-19 15:59:09'),(272,72,'86ae6ee6-70b7-3f52-b9c6-140ab85a096a',6037,NULL,2,'2020-11-19 15:59:09','2020-11-19 15:59:09'),(273,73,'5a7e5e6e-fc39-3f21-8856-73ce7b594699',598865424,NULL,3,'2020-11-19 15:59:09','2020-11-19 15:59:09'),(274,74,'54e706f1-280a-355c-8911-57fecbfa1c99',2469336,NULL,4,'2020-11-19 15:59:09','2020-11-19 15:59:09'),(275,75,'4787ca4b-7af3-3d08-aeae-ce401cb98440',0,NULL,5,'2020-11-19 15:59:09','2020-11-19 15:59:09'),(276,76,'57367159-9c52-3c17-b8f6-a761b9ad5e5c',33009,NULL,6,'2020-11-19 15:59:09','2020-11-19 15:59:09'),(277,77,'d96e0f23-2923-3f52-ba1c-46004761083c',471,NULL,7,'2020-11-19 15:59:09','2020-11-19 15:59:09'),(278,78,'00533b0b-fcee-38b7-b24c-3f18415f77ef',85503528,NULL,8,'2020-11-19 15:59:09','2020-11-19 15:59:09'),(279,79,'29169c82-428c-322c-9e5b-22592f56932d',2,NULL,9,'2020-11-19 15:59:09','2020-11-19 15:59:09'),(280,80,'40153f4c-31e7-3d6d-9fd8-c9a95f77ad5c',588,NULL,10,'2020-11-19 15:59:09','2020-11-19 15:59:09'),(281,81,'c47fc262-4fa5-3a44-9008-d1f36c20bbf5',37942724,NULL,1,'2020-11-19 15:59:09','2020-11-19 15:59:09'),(282,82,'e465c5fd-8d1e-3ca7-bfa0-45d0505e5a29',882095,NULL,2,'2020-11-19 15:59:09','2020-11-19 15:59:09'),(283,83,'1b952700-5730-3f98-ab22-3446d2261df7',858964522,NULL,3,'2020-11-19 15:59:09','2020-11-19 15:59:09'),(284,84,'33cfa79e-768b-3f68-8c71-1b41dd568df5',24988,NULL,4,'2020-11-19 15:59:09','2020-11-19 15:59:09'),(285,85,'833ce111-043e-3a59-81ec-6df0c10bbdf5',96,NULL,5,'2020-11-19 15:59:09','2020-11-19 15:59:09'),(286,86,'439046bc-83bb-3179-9069-0d25d8f4e3eb',6,NULL,6,'2020-11-19 15:59:09','2020-11-19 15:59:09'),(287,87,'984c9f4d-41e9-3252-aa1c-4e7fbf662b1e',614404484,NULL,7,'2020-11-19 15:59:09','2020-11-19 15:59:09'),(288,88,'4626e00c-7f12-3a71-904e-4156c7f52841',57027,NULL,8,'2020-11-19 15:59:09','2020-11-19 15:59:09'),(289,89,'f6876550-052e-3786-b4d1-876cdaac9181',80090,NULL,9,'2020-11-19 15:59:09','2020-11-19 15:59:09'),(290,90,'a057a8fb-2262-3b5f-aaa1-ddb63d19f477',61911,NULL,10,'2020-11-19 15:59:09','2020-11-19 15:59:09'),(291,91,'c7f6a31d-c49d-3082-ac0d-187ab9532bcf',56216,NULL,1,'2020-11-19 15:59:09','2020-11-19 15:59:09'),(292,92,'54850c1d-40e2-3c5b-aef8-3aeb42b4d7f4',3993007,NULL,2,'2020-11-19 15:59:09','2020-11-19 15:59:09'),(293,93,'7b4747e4-dd0f-35f6-9448-c6454a9fd443',50,NULL,3,'2020-11-19 15:59:09','2020-11-19 15:59:09'),(294,94,'f25fea68-abc7-31d3-8ef8-c2426d8f5676',3182,NULL,4,'2020-11-19 15:59:09','2020-11-19 15:59:09'),(295,95,'9f2d8515-cfff-3575-bcdf-fcf693a826c0',7173625,NULL,5,'2020-11-19 15:59:09','2020-11-19 15:59:09'),(296,96,'cfbe2508-9f52-3729-b54d-16835c96cc8b',79965742,NULL,6,'2020-11-19 15:59:09','2020-11-19 15:59:09'),(297,97,'33f4ec96-e944-333e-839b-59543b281bc4',6036,NULL,7,'2020-11-19 15:59:09','2020-11-19 15:59:09'),(298,98,'0421dd3a-d519-3484-9ab2-1605d435cc0b',61,NULL,8,'2020-11-19 15:59:09','2020-11-19 15:59:09'),(299,99,'ac65092f-b905-372e-9739-26c03707aabc',48,NULL,9,'2020-11-19 15:59:09','2020-11-19 15:59:09'),(300,100,'0221fac9-cd4d-3fc3-8716-f9c1994d0434',0,NULL,10,'2020-11-19 15:59:09','2020-11-19 15:59:09');
/*!40000 ALTER TABLE `media` ENABLE KEYS */;
UNLOCK TABLES;

--
-- Table structure for table `media_types`
--

DROP TABLE IF EXISTS `media_types`;
/*!40101 SET @saved_cs_client     = @@character_set_client */;
/*!40101 SET character_set_client = utf8 */;
CREATE TABLE `media_types` (
  `id` int unsigned NOT NULL AUTO_INCREMENT COMMENT 'Идентификатор строки',
  `name` varchar(255) NOT NULL COMMENT 'Название типа',
  `created_at` datetime DEFAULT CURRENT_TIMESTAMP COMMENT 'Время создания строки',
  `updated_at` datetime DEFAULT CURRENT_TIMESTAMP ON UPDATE CURRENT_TIMESTAMP COMMENT 'Время обновления строки',
  PRIMARY KEY (`id`),
  UNIQUE KEY `name` (`name`)
) ENGINE=InnoDB AUTO_INCREMENT=11 DEFAULT CHARSET=utf8mb4 COLLATE=utf8mb4_0900_ai_ci COMMENT='Типы медиафайлов';
/*!40101 SET character_set_client = @saved_cs_client */;

--
-- Dumping data for table `media_types`
--

LOCK TABLES `media_types` WRITE;
/*!40000 ALTER TABLE `media_types` DISABLE KEYS */;
INSERT INTO `media_types` VALUES (1,'application/vnd.koan','2020-03-04 04:05:49','2020-11-19 15:47:31'),(2,'application/vnd.ezpix-package','2020-08-01 13:45:01','2020-11-19 15:47:31'),(3,'application/vnd.symbian.install','2020-10-02 01:33:40','2020-11-19 15:47:31'),(4,'application/vnd.ms-excel.template.macroenabled.12','2020-01-13 03:35:15','2020-11-19 15:47:31'),(5,'application/xslt+xml','2020-01-16 18:26:30','2020-11-19 15:47:31'),(6,'application/x-futuresplash','2020-08-07 21:34:17','2020-11-19 15:47:31'),(7,'application/vnd.ms-excel.sheet.macroenabled.12','2020-05-31 19:49:12','2020-11-19 15:47:31'),(8,'application/x-font-woff','2020-10-10 07:45:41','2020-11-19 15:47:31'),(9,'application/x-cdlink','2020-05-04 07:18:57','2020-11-19 15:47:31'),(10,'text/tab-separated-values','2020-01-26 19:59:47','2020-11-19 15:47:31');
/*!40000 ALTER TABLE `media_types` ENABLE KEYS */;
UNLOCK TABLES;

--
-- Table structure for table `messages`
--

DROP TABLE IF EXISTS `messages`;
/*!40101 SET @saved_cs_client     = @@character_set_client */;
/*!40101 SET character_set_client = utf8 */;
CREATE TABLE `messages` (
  `id` int unsigned NOT NULL AUTO_INCREMENT COMMENT 'Идентификатор строки',
  `from_user_id` int unsigned NOT NULL COMMENT 'Ссылка на отправителя сообщения',
  `to_user_id` int unsigned NOT NULL COMMENT 'Ссылка на получателя сообщения',
  `body` text NOT NULL COMMENT 'Текст сообщения',
  `is_important` tinyint(1) DEFAULT NULL COMMENT 'Признак важности',
  `is_delivered` tinyint(1) DEFAULT NULL COMMENT 'Признак доставки',
  `created_at` datetime DEFAULT CURRENT_TIMESTAMP COMMENT 'Время создания строки',
  `updated_at` datetime DEFAULT CURRENT_TIMESTAMP ON UPDATE CURRENT_TIMESTAMP COMMENT 'Время обновления строки',
  PRIMARY KEY (`id`)
) ENGINE=InnoDB AUTO_INCREMENT=301 DEFAULT CHARSET=utf8mb4 COLLATE=utf8mb4_0900_ai_ci COMMENT='Сообщения';
/*!40101 SET character_set_client = @saved_cs_client */;

--
-- Dumping data for table `messages`
--

LOCK TABLES `messages` WRITE;
/*!40000 ALTER TABLE `messages` DISABLE KEYS */;
INSERT INTO `messages` VALUES (1,1,1,'Soluta velit sit molestiae praesentium minus quod. Quaerat voluptatem saepe est hic. Et at alias fuga laborum. Quo nulla eum ut incidunt cupiditate.',1,1,'2020-09-25 02:17:37','2020-11-19 16:08:14'),(2,2,2,'Voluptatem perspiciatis sint maiores in. Ipsa soluta voluptatem accusantium repudiandae mollitia et ducimus. Minima sit occaecati et iusto incidunt. Aliquam fugit dolorem voluptatibus aliquid eius enim eveniet.',1,1,'2020-06-03 18:36:06','2020-11-19 16:08:14'),(3,3,3,'Vero qui sint est iste quod. Et pariatur aut inventore dicta. Minima explicabo asperiores fugiat esse quidem enim nulla. Laudantium quia molestias enim.',1,0,'2020-08-16 15:55:45','2020-11-19 16:08:14'),(4,4,4,'Ullam voluptatem aut rerum. Enim sunt voluptatum provident optio tempore soluta voluptatum excepturi. Quo soluta iusto labore ea provident.',1,1,'2020-08-23 10:33:42','2020-11-19 16:08:14'),(5,5,5,'Pariatur dolores sint vero eum minima. Eveniet maxime facilis ut alias quaerat. Non exercitationem nesciunt dolorum molestiae quibusdam amet. Explicabo vero praesentium minima adipisci in iure suscipit.',1,0,'2020-03-05 19:36:07','2020-11-19 16:08:14'),(6,6,6,'A reprehenderit laudantium fugiat. Quae repellat dolor eligendi nam quae recusandae. Corrupti excepturi asperiores qui ut repellendus. Autem rem dolor consequuntur cum.',0,1,'2020-01-22 04:06:57','2020-11-19 16:08:14'),(7,7,7,'At pariatur enim atque. Est iure unde inventore tempora mollitia ex quis. Et omnis asperiores molestiae cupiditate.',0,1,'2020-06-27 09:32:03','2020-11-19 16:08:14'),(8,8,8,'Sapiente sit voluptate quasi et pariatur atque. Doloribus dolores nihil repellat sit itaque. Ut impedit unde cum perferendis esse labore nostrum. Facilis corporis laboriosam voluptatem.',0,1,'2020-06-05 04:28:05','2020-11-19 16:08:14'),(9,9,9,'Omnis sit minus aut sunt sunt consequuntur aspernatur. Nulla nihil et dicta est quaerat voluptate qui molestias. Pariatur non ea excepturi occaecati.',0,0,'2020-09-19 23:26:27','2020-11-19 16:08:14'),(10,10,10,'Explicabo qui voluptas neque molestias qui. Eligendi distinctio accusantium qui assumenda voluptas. Quaerat sint ut architecto et deserunt saepe recusandae.',0,1,'2020-09-22 16:28:55','2020-11-19 16:08:14'),(11,11,11,'Vero eum esse enim. Velit odio dolores ipsam. Molestiae voluptatem eos ad velit molestiae aut totam et.',0,1,'2020-05-22 18:13:36','2020-11-19 16:08:14'),(12,12,12,'Amet dolores in sit illum ad. Neque officia tempore excepturi facilis. Vitae officia earum doloremque dolor ipsam ut. Doloribus ea dolor quibusdam repudiandae maiores accusantium cumque.',1,0,'2020-04-04 08:31:35','2020-11-19 16:08:14'),(13,13,13,'Id vel consequuntur perferendis architecto illum quia. Totam voluptatem sed vel possimus. Velit atque sed dolores quia sit impedit omnis.',1,1,'2019-11-23 17:40:22','2020-11-19 16:08:14'),(14,14,14,'Consequuntur velit non aut maxime eum delectus nisi. Exercitationem quo dolor laboriosam aliquam neque. Pariatur dolore nisi distinctio. Laudantium est autem ducimus voluptatem eius suscipit illum minima.',0,0,'2020-11-08 18:03:06','2020-11-19 16:08:14'),(15,15,15,'Illo error sit beatae qui iure repellat omnis nam. Qui vel dicta dolores nostrum quo sapiente repellat voluptate. Laborum sed molestias vel autem et. Quas voluptates laborum dignissimos odit aperiam consequatur.',1,1,'2019-12-28 21:10:26','2020-11-19 16:08:14'),(16,16,16,'Dolores voluptatem laborum corporis deleniti quod soluta. Provident aut sunt odit non consequatur illo totam. Ea libero accusantium rerum doloribus voluptas tempore nostrum.',0,1,'2020-01-27 12:11:17','2020-11-19 16:08:14'),(17,17,17,'Dolor qui rerum repellat tempora consequuntur vel reprehenderit. Perspiciatis atque eius id vero quod quia eum. Consequatur assumenda aliquid quia dolor laudantium aut maiores et. Delectus nesciunt a eum doloremque temporibus error. Sint hic explicabo architecto minima id.',0,1,'2020-07-31 01:54:24','2020-11-19 16:08:14'),(18,18,18,'Nulla voluptatibus voluptates accusantium deserunt culpa doloremque. Officia tenetur et distinctio accusamus. Eaque quia est repudiandae delectus consectetur consectetur.',0,0,'2020-10-11 13:10:41','2020-11-19 16:08:14'),(19,19,19,'Consequatur maiores et quas unde. Veritatis rerum minus quisquam. Aut molestiae laborum eaque adipisci asperiores similique commodi. Illo aut tenetur distinctio qui impedit a est.',1,0,'2020-09-19 22:39:40','2020-11-19 16:08:14'),(20,20,20,'Porro ea soluta repellat ratione ea architecto est aut. Ipsa molestias animi aspernatur necessitatibus dolor. Quisquam et sit et dolores.',1,0,'2020-05-19 02:41:51','2020-11-19 16:08:14'),(21,21,21,'Molestias nulla nihil sint est. Enim quia autem minima optio cupiditate. Vero odio aliquid id. Quae minima quod iusto et enim.',0,0,'2020-07-19 21:00:27','2020-11-19 16:08:14'),(22,22,22,'Mollitia libero aspernatur et eaque eos modi accusamus eos. Quod ducimus similique assumenda molestias.',0,0,'2020-09-03 12:07:48','2020-11-19 16:08:14'),(23,23,23,'Delectus eligendi consectetur ut ducimus. Non ad at facere harum voluptas. Provident suscipit temporibus ipsa. Molestiae qui et ex quibusdam dolorum quae consequatur blanditiis.',0,0,'2020-04-06 22:00:42','2020-11-19 16:08:14'),(24,24,24,'Quisquam provident quae incidunt exercitationem quia consequatur. Veritatis facilis illum ducimus ut soluta adipisci.',0,0,'2020-08-03 00:11:19','2020-11-19 16:08:14'),(25,25,25,'Iste ex nulla quam rerum sunt libero aliquid illum. Quaerat eos placeat voluptatem eos quae veniam dolores. Et dolores facilis rem saepe. Debitis voluptatum voluptas maxime quo.',0,1,'2020-10-11 20:58:54','2020-11-19 16:08:14'),(26,26,26,'Quis non reiciendis autem est et magni. Ducimus iure voluptas tenetur est quia nihil modi. Recusandae vel laudantium rem voluptatibus sunt.',1,1,'2020-11-04 06:23:55','2020-11-19 16:08:14'),(27,27,27,'Eaque veniam aut deserunt. Id perferendis ut repudiandae eos. Impedit optio iste nam ut. Suscipit et officiis consequuntur dolores quod. Accusamus et quis est rerum et.',0,0,'2020-01-27 11:23:39','2020-11-19 16:08:14'),(28,28,28,'Ut in voluptatem laborum ullam quas iusto qui. Laboriosam dignissimos quod aut aliquid ea eveniet perferendis. Est libero at atque est officia voluptates.',0,1,'2020-08-12 11:14:20','2020-11-19 16:08:14'),(29,29,29,'Quaerat ad quae veritatis tempore similique qui. Minus fugit saepe perspiciatis dolor est. Ut aspernatur ut eveniet nobis. Dolorem provident sequi qui consectetur aut velit doloribus.',1,0,'2020-03-19 07:39:49','2020-11-19 16:08:14'),(30,30,30,'Earum sit enim quia cumque non. Maiores blanditiis itaque quaerat. Doloribus nesciunt et at praesentium quisquam provident molestiae.',1,1,'2020-04-04 12:24:50','2020-11-19 16:08:14'),(31,31,31,'Ex nobis quis perferendis. Aperiam non corrupti voluptatem velit qui. Beatae praesentium quia qui esse rem facere maiores.',0,1,'2020-09-09 22:52:01','2020-11-19 16:08:14'),(32,32,32,'Accusamus officiis odit non nobis reprehenderit vel fugit. Dolorum et praesentium omnis omnis velit ut aspernatur.',1,1,'2020-08-04 17:57:48','2020-11-19 16:08:14'),(33,33,33,'Cupiditate et necessitatibus dicta. Ratione sint ullam omnis a. Animi soluta et ut distinctio eum voluptatem nisi. Assumenda hic aliquam nihil omnis.',1,1,'2019-12-14 01:58:05','2020-11-19 16:08:14'),(34,34,34,'Aut rerum nam voluptas facilis molestiae. Iste vitae quam ipsam ipsum neque. Deleniti nisi aliquid quia dolorem consectetur consequatur consequatur. Et nulla blanditiis esse minima omnis. Omnis unde et possimus.',1,1,'2020-05-14 02:29:56','2020-11-19 16:08:14'),(35,35,35,'Similique quia corporis et ratione et consequuntur illum est. Sunt repudiandae et porro occaecati totam. Sapiente nulla et ut occaecati velit illo. Qui ut aliquam et sit at reiciendis.',1,1,'2020-04-26 00:57:21','2020-11-19 16:08:14'),(36,36,36,'Cupiditate incidunt quaerat modi quos ipsam. Voluptatem explicabo temporibus id eligendi nemo sint officiis.',1,1,'2020-03-01 15:26:59','2020-11-19 16:08:14'),(37,37,37,'Hic itaque dolore laboriosam molestiae vero. Omnis atque dolores est mollitia repellat non numquam quidem. Possimus quis totam eum aut odit. Voluptatem qui pariatur et ab.',0,0,'2020-06-25 11:38:18','2020-11-19 16:08:14'),(38,38,38,'Sint at aliquam neque necessitatibus voluptatem dolorem iste. Officiis ut officiis non corrupti consequatur. Dolorem est rerum nisi tempore nam fugit.',1,1,'2020-05-19 05:38:33','2020-11-19 16:08:14'),(39,39,39,'Eius voluptatem placeat recusandae porro in. Laboriosam sint quia omnis qui vero. Porro perspiciatis doloremque accusantium aut amet.',1,1,'2020-04-08 04:30:20','2020-11-19 16:08:14'),(40,40,40,'Ratione illo et neque maiores et error. Ad similique incidunt consequatur veritatis aut in. Quia velit ullam ducimus cumque similique. Nihil quisquam sunt labore vel harum quisquam.',1,0,'2020-10-29 12:48:27','2020-11-19 16:08:14'),(41,41,41,'Eius debitis ducimus doloribus eius. Ut quibusdam perspiciatis aliquam expedita aut aut. Quis atque quas sit.',0,0,'2020-07-10 00:31:05','2020-11-19 16:08:14'),(42,42,42,'Consequatur sunt nulla quo. Debitis inventore ea unde dolor est. Error neque velit necessitatibus ut iure reprehenderit occaecati. Dolorem accusantium cumque fugit magnam qui.',0,1,'2020-08-29 14:38:22','2020-11-19 16:08:14'),(43,43,43,'Aspernatur libero consequatur aut expedita repellendus. Doloremque quia quis deleniti aut enim totam minus.',1,1,'2020-11-02 03:18:23','2020-11-19 16:08:14'),(44,44,44,'Ratione qui veniam deserunt quidem enim qui nisi. Eos dolor doloribus earum qui nesciunt. Sed fugit adipisci perspiciatis blanditiis mollitia ut voluptas molestias. Quas in distinctio sint amet et.',0,0,'2020-09-24 07:12:48','2020-11-19 16:08:14'),(45,45,45,'Voluptatem dolor unde possimus ut assumenda maiores. Quisquam modi in incidunt modi animi quibusdam. Impedit sunt corporis et. Exercitationem dignissimos voluptatibus esse nihil.',1,1,'2020-03-06 14:45:36','2020-11-19 16:08:14'),(46,46,46,'Molestiae sit ratione perferendis et. Molestiae perferendis unde et ad ducimus repudiandae. Tempore enim dolor architecto at. Cupiditate magni molestiae natus quo.',0,1,'2019-12-24 06:43:18','2020-11-19 16:08:14'),(47,47,47,'Qui exercitationem accusamus possimus laboriosam repudiandae voluptatem tempore. Nihil cum molestias illo et eum atque deserunt. Tenetur sequi et laborum dolor consectetur dolorem nisi.',1,1,'2020-01-14 12:58:21','2020-11-19 16:08:14'),(48,48,48,'Aut sequi unde eveniet ullam eos voluptatum. Aperiam tempore eum qui omnis quibusdam dolorum quod optio. Corrupti aut repellat in labore et reprehenderit laboriosam. Maiores optio ad quas harum eum quis.',1,1,'2019-12-24 20:59:26','2020-11-19 16:08:14'),(49,49,49,'Aspernatur impedit totam iusto ut blanditiis. Eligendi doloremque occaecati debitis. Et quo repudiandae aut. Cum qui optio nobis.',1,0,'2020-01-02 10:57:28','2020-11-19 16:08:14'),(50,50,50,'Et facilis ipsum tenetur nesciunt magni incidunt corrupti. Quis ut modi harum explicabo nihil dolorum iste. Hic quia sequi sapiente fuga laborum. Ut et neque perspiciatis accusamus dolore aspernatur.',1,0,'2020-01-20 16:51:57','2020-11-19 16:08:14'),(51,51,51,'Doloribus laboriosam officiis accusamus libero ut fugit et et. Ut eum tenetur ipsa voluptate suscipit. Aut nostrum doloremque doloremque eligendi. Nulla sunt iure optio blanditiis aliquam nisi sed.',1,1,'2020-01-16 00:51:27','2020-11-19 16:08:14'),(52,52,52,'Repellendus esse est quidem rerum. Iure nisi fuga commodi perferendis delectus aut. Incidunt provident voluptate dignissimos non dolores sed totam.',1,0,'2020-08-02 07:38:12','2020-11-19 16:08:14'),(53,53,53,'Velit ut placeat qui aut. Architecto tempora et esse molestiae qui omnis. Perferendis quis molestiae rerum blanditiis neque laudantium veritatis. Animi officiis nobis aut sint deserunt voluptas.',1,1,'2020-02-29 01:39:55','2020-11-19 16:08:14'),(54,54,54,'Velit iure laboriosam et qui aut. Itaque rerum quibusdam quam consequuntur. Esse perspiciatis a molestias aut suscipit ab doloribus doloribus.',0,0,'2020-05-19 07:24:36','2020-11-19 16:08:14'),(55,55,55,'Aliquid nemo non aspernatur dolorum. Tenetur et explicabo molestiae ea quia aliquid soluta. Labore sunt qui deleniti ea.',0,1,'2020-03-24 02:51:41','2020-11-19 16:08:14'),(56,56,56,'Similique pariatur quibusdam alias ab qui architecto odio reprehenderit. Id magni dignissimos impedit optio perferendis. Deleniti consectetur est perspiciatis repellat vero aperiam. Omnis adipisci neque sed atque doloribus.',0,0,'2020-05-10 23:33:25','2020-11-19 16:08:14'),(57,57,57,'Id sed autem eius dolorem in. Libero tempora excepturi blanditiis animi sunt sunt harum quia. Aliquam odit qui quae. Aliquid in non cupiditate aliquam.',1,0,'2020-04-26 21:08:42','2020-11-19 16:08:14'),(58,58,58,'Ut illo id ea debitis. Est quia et exercitationem mollitia. Harum debitis ut autem natus et ducimus consequuntur. Aperiam autem unde alias nobis eum quod nihil eaque.',0,0,'2020-10-22 22:23:11','2020-11-19 16:08:14'),(59,59,59,'Ipsam eum magnam sapiente beatae. Odit occaecati et eveniet quidem beatae. Corrupti et distinctio sit esse qui fuga in.',1,1,'2020-04-03 13:30:28','2020-11-19 16:08:14'),(60,60,60,'Odit sed ab odio id assumenda. Et hic necessitatibus aut aut. Quaerat aspernatur assumenda minima. Beatae vel ut et qui libero quas ducimus.',1,1,'2020-08-12 11:27:04','2020-11-19 16:08:14'),(61,61,61,'Consequatur nostrum culpa sed eum nostrum id illo. Quibusdam modi officiis iusto autem quo illum nesciunt et. Aspernatur incidunt molestias eos necessitatibus est et vel. Totam eaque rerum voluptatem quaerat velit neque qui.',0,0,'2020-04-10 12:00:41','2020-11-19 16:08:14'),(62,62,62,'A quibusdam dolor et officiis cum. Ex nostrum qui assumenda molestias corrupti id. Vel aspernatur vitae quibusdam et laboriosam neque.',0,0,'2019-11-30 11:55:44','2020-11-19 16:08:14'),(63,63,63,'Facilis labore minima aut ut ut accusantium voluptas maxime. Voluptas et animi qui non quo. Sit officia velit non quia recusandae. Sunt alias consequatur quaerat quibusdam beatae quod impedit.',1,0,'2020-08-25 23:03:29','2020-11-19 16:08:14'),(64,64,64,'Qui odit id tempore sunt atque est. Doloribus ut perspiciatis fuga culpa necessitatibus eaque rerum. Voluptatibus vel ipsa qui illum distinctio doloremque ea fugit. Dolorem dolore recusandae modi.',0,0,'2020-10-03 11:17:23','2020-11-19 16:08:14'),(65,65,65,'Quod voluptate aut quia in quae est aliquam. Quas culpa soluta laboriosam. Quae eos officia omnis qui eos. Fugiat consequatur sit iste iste id.',1,1,'2020-03-07 16:33:51','2020-11-19 16:08:14'),(66,66,66,'Soluta omnis libero dolores aut ut voluptas voluptatem reprehenderit. Eveniet ut delectus nihil culpa alias assumenda. Delectus voluptatem impedit qui. Id in itaque est eveniet sunt possimus. Magni distinctio cumque consequuntur expedita culpa error.',1,0,'2020-09-18 09:58:43','2020-11-19 16:08:14'),(67,67,67,'Voluptatem unde vitae maiores ipsa veritatis. Dolor omnis sunt earum quo ut et.',0,1,'2019-12-31 09:45:18','2020-11-19 16:08:14'),(68,68,68,'Id at minima assumenda minus nostrum aliquid omnis. Enim voluptatem maxime cumque aliquam reiciendis occaecati. Porro et cupiditate voluptatum ipsum consequuntur cum aut.',1,1,'2020-07-23 00:41:44','2020-11-19 16:08:14'),(69,69,69,'Ratione omnis nisi sequi eaque exercitationem quis. Veritatis animi omnis est quas ullam aut cum. Expedita quod est quia doloribus quae.',0,0,'2020-10-05 12:20:53','2020-11-19 16:08:14'),(70,70,70,'Porro mollitia beatae aliquam voluptatem. Quia cum sint cumque illo labore. Vel aut sit ducimus illo ut natus. Nihil non tempora id assumenda quaerat labore explicabo laborum.',1,0,'2020-03-16 20:52:40','2020-11-19 16:08:14'),(71,71,71,'Voluptas esse dignissimos qui repudiandae. Dolores iusto eaque mollitia suscipit quis in. Rerum dolore ipsam odio ratione molestiae. Nam ipsam facere impedit blanditiis.',0,0,'2020-04-17 01:51:40','2020-11-19 16:08:14'),(72,72,72,'Quia laudantium explicabo fugit voluptatem distinctio exercitationem quae quis. Officia repellendus dolor eaque nisi. Consequatur accusamus maxime ea amet id qui aut.',0,0,'2020-10-30 17:59:28','2020-11-19 16:08:14'),(73,73,73,'Adipisci aliquid quo doloribus facilis. Aut enim odio molestiae dignissimos. Voluptas sed odio temporibus fugit. Optio voluptatem rerum assumenda magni.',0,0,'2020-06-01 15:35:00','2020-11-19 16:08:14'),(74,74,74,'Qui voluptas aut nesciunt a recusandae. Excepturi qui quidem ad sed. Debitis consequatur enim minus. Nisi perferendis et tempora provident repellendus nobis exercitationem.',1,1,'2020-06-04 19:18:25','2020-11-19 16:08:14'),(75,75,75,'Tempore optio earum et aut ullam voluptas et vel. Molestiae in repudiandae corporis eveniet aut aperiam repellat est. Maxime aut officia ducimus quaerat iste ad aut.',0,1,'2020-06-21 01:31:33','2020-11-19 16:08:14'),(76,76,76,'Adipisci tempore corrupti vel rerum repellendus ab nihil. Quisquam minima autem enim et. Iusto illum sed minima illum quia consequatur. Consequatur sint dicta nemo et qui ipsum.',0,1,'2020-06-14 23:24:21','2020-11-19 16:08:14'),(77,77,77,'Quod perspiciatis vero quidem ea aut. Sed est dolores animi ut. Sunt magnam et repellat.',0,1,'2020-01-10 03:54:00','2020-11-19 16:08:14'),(78,78,78,'Et iusto qui harum error alias quo. Voluptas rerum quis eligendi in. Delectus delectus dolorum aut cumque aut in. Aut porro rerum aut qui omnis ex.',0,1,'2020-09-07 01:22:47','2020-11-19 16:08:14'),(79,79,79,'Dicta quia voluptatem neque iste sunt exercitationem. Dolorem sit sed molestias harum placeat pariatur sequi.',0,1,'2020-02-23 16:55:38','2020-11-19 16:08:14'),(80,80,80,'Quae architecto sed hic. Doloremque magnam quis pariatur beatae. Adipisci consequatur unde error temporibus sunt voluptate quidem. Quibusdam dolorem hic laudantium rerum.',0,1,'2020-02-05 23:35:59','2020-11-19 16:08:14'),(81,81,81,'Ipsam dolor magnam voluptas culpa odio possimus eum. Quia recusandae est mollitia. Et repellat ducimus id est sint non veritatis.',1,1,'2020-07-14 04:31:56','2020-11-19 16:08:14'),(82,82,82,'Unde fugit delectus ut id consequatur temporibus excepturi. Est cupiditate quae repellendus magnam vel.',0,0,'2020-06-09 20:17:24','2020-11-19 16:08:14'),(83,83,83,'Ea et rerum beatae est. Error et et animi beatae eum dolorem. Et cupiditate est nulla quia velit facere culpa. Porro eligendi asperiores sequi non ut est dicta.',0,0,'2020-10-03 10:56:53','2020-11-19 16:08:14'),(84,84,84,'Et corporis molestiae animi quia dolor deleniti. Nam impedit voluptate veritatis velit. Eos facere quos inventore itaque sapiente. Eveniet occaecati asperiores id provident corporis dolores dolorem.',1,0,'2019-12-19 19:26:23','2020-11-19 16:08:14'),(85,85,85,'Et dolore iusto quod necessitatibus nesciunt voluptas. Pariatur quia fugiat vel. Iusto cumque quis doloremque.',1,1,'2020-03-24 13:22:23','2020-11-19 16:08:14'),(86,86,86,'Eum eveniet voluptatem sit et molestiae. Odit omnis dicta ut quo maxime quia. Alias aut itaque et aut quaerat qui blanditiis. Non dolorem minus delectus et aut.',0,1,'2020-03-11 19:47:39','2020-11-19 16:08:14'),(87,87,87,'Voluptatem omnis molestiae qui ex nemo. Aut cum nostrum magnam sit velit ut. Dolorem et non dolorum aut ut.',0,0,'2020-07-16 16:54:13','2020-11-19 16:08:14'),(88,88,88,'Eveniet qui est temporibus saepe eos. Hic quod eius tempora consectetur adipisci. Autem qui omnis iusto ut quisquam accusantium. Ab ut amet omnis.',0,0,'2020-09-11 17:49:51','2020-11-19 16:08:14'),(89,89,89,'Doloremque illum eos dignissimos cumque ex qui. Maiores fuga reiciendis saepe praesentium occaecati deserunt temporibus ratione. Omnis et voluptatem sit enim est dolores. Qui placeat et animi id molestiae hic.',0,0,'2020-08-15 07:08:12','2020-11-19 16:08:14'),(90,90,90,'Optio et magni labore aspernatur nobis architecto ipsam vero. Similique consequuntur dolorum velit ipsa sed aspernatur excepturi incidunt. In nihil perspiciatis error ut dicta. Laudantium odio nihil vitae quia ea dicta consequatur quo.',1,1,'2020-01-17 19:21:38','2020-11-19 16:08:14'),(91,91,91,'Dolorum temporibus omnis voluptatem. Enim reiciendis totam error. Sit suscipit voluptas laborum autem. Vero consequatur voluptates saepe.',0,0,'2020-07-22 02:38:41','2020-11-19 16:08:14'),(92,92,92,'Ut est vel quia repudiandae non quis non. Illo porro architecto eum minima. Nostrum qui enim eos impedit quia.',1,0,'2020-08-27 21:30:17','2020-11-19 16:08:14'),(93,93,93,'Magnam dolor et modi corrupti ipsum placeat dolorem. Quia aut iste et et rem illo culpa. Dolorem iure expedita aut illum.',0,0,'2020-08-02 05:33:35','2020-11-19 16:08:14'),(94,94,94,'Repellat libero nemo at illum veniam neque. Illo adipisci optio perferendis. Consectetur aut animi necessitatibus.',1,1,'2020-01-04 09:06:03','2020-11-19 16:08:14'),(95,95,95,'Nulla itaque adipisci incidunt. Fuga corrupti repellat aliquid harum. Amet fugiat id illum accusantium.',0,0,'2019-11-21 03:39:27','2020-11-19 16:08:14'),(96,96,96,'Illum omnis accusantium magni molestias iure voluptatum expedita voluptas. Vel expedita ut deleniti ut deleniti atque excepturi. Recusandae quod modi dolor et velit.',1,1,'2020-03-14 22:34:36','2020-11-19 16:08:14'),(97,97,97,'Aut expedita voluptatem soluta consequatur itaque. Natus voluptatem sit occaecati. Laudantium aut rem voluptas ut numquam ut voluptas. Optio dolorem omnis quis itaque quibusdam. Aut eveniet et vel molestias.',1,0,'2020-08-22 15:52:18','2020-11-19 16:08:14'),(98,98,98,'Sint aspernatur aspernatur ex. Ea omnis non ipsam assumenda iusto quia. Natus nihil velit quae et vero magnam eaque.',1,0,'2020-04-01 11:35:59','2020-11-19 16:08:14'),(99,99,99,'Neque officiis officiis et quia. Accusantium eveniet magni aliquid et minus ea.',0,0,'2019-12-01 20:26:23','2020-11-19 16:08:14'),(100,100,100,'Ab incidunt nulla harum quidem. Harum sit voluptatem saepe qui placeat. Ut consequatur maiores consequuntur. Aut doloremque quisquam nobis velit quibusdam. Rerum omnis non quidem.',1,1,'2020-10-15 02:45:36','2020-11-19 16:08:14'),(101,1,1,'Voluptas voluptas et suscipit ducimus. Quam consequatur officia eveniet consequatur nulla. Quisquam temporibus quo nulla voluptatem inventore. Quia numquam non officia est eos.',0,0,'2020-08-29 05:26:54','2020-11-19 16:08:14'),(102,2,2,'Libero beatae possimus doloremque officiis omnis perferendis asperiores neque. Voluptatem iusto placeat deleniti dolorem. Eum non et accusantium aspernatur a doloribus rerum. Dolorem eligendi debitis magnam minima voluptatem mollitia.',1,1,'2020-07-27 04:26:59','2020-11-19 16:08:14'),(103,3,3,'Sed in alias rerum nostrum exercitationem. Porro deserunt doloremque ipsam ullam ad laudantium sint. Non ea nihil nam quidem.',0,0,'2020-08-09 04:06:45','2020-11-19 16:08:14'),(104,4,4,'Velit hic soluta at quia distinctio harum. Voluptatem voluptas quam sunt quia. Quibusdam et vitae quas occaecati quis. Nulla deserunt fugit quidem ipsum enim ad.',0,0,'2020-04-19 22:32:33','2020-11-19 16:08:14'),(105,5,5,'Aspernatur aut quia facere et molestias necessitatibus ab. Enim quod unde officiis quas enim. Et velit beatae repellendus provident ipsam quo.',1,0,'2020-02-02 13:07:42','2020-11-19 16:08:14'),(106,6,6,'Sequi illo deserunt consequatur fuga quia deserunt delectus sed. Rerum nesciunt quo voluptatum omnis consectetur. Animi qui dolor sapiente rem voluptatem veritatis omnis. Voluptatem voluptas architecto atque.',1,0,'2020-07-16 02:07:17','2020-11-19 16:08:14'),(107,7,7,'Soluta hic dolorem ullam vel et laudantium. Reiciendis vitae ab dolor. Neque dolorem hic eligendi. Ex ea minima quas unde quia placeat.',0,0,'2020-05-24 07:48:18','2020-11-19 16:08:14'),(108,8,8,'Voluptates inventore aliquam suscipit architecto rem est. Fugiat qui voluptatum pariatur veritatis nobis esse numquam. Inventore molestias voluptates aperiam asperiores quidem doloremque.',1,1,'2020-10-03 01:40:56','2020-11-19 16:08:14'),(109,9,9,'Placeat dicta vel cupiditate tempore distinctio. Ducimus laboriosam quaerat et dolorem est.',1,1,'2020-07-11 18:54:21','2020-11-19 16:08:14'),(110,10,10,'Ad ea sit voluptates. Aspernatur eligendi sunt saepe iure et omnis quis. Rerum labore accusantium suscipit iure aut laudantium eum. Ut necessitatibus est nemo ex.',1,0,'2020-04-14 19:40:07','2020-11-19 16:08:14'),(111,11,11,'Et et voluptatum autem incidunt dolorem totam vel voluptatibus. Ratione occaecati quae cum magnam quis et. Sit numquam est ipsum id error nobis.',0,0,'2020-05-04 13:33:46','2020-11-19 16:08:14'),(112,12,12,'Vel occaecati unde incidunt sed deserunt velit qui magnam. Dolor quos facilis voluptates facilis. Maxime cupiditate ea non similique.',0,1,'2020-08-31 19:29:31','2020-11-19 16:08:14'),(113,13,13,'Officia cumque ullam quam quia nobis error. Eveniet ratione explicabo aut dolorum minus. Facilis vitae perferendis eos cumque. Reprehenderit illo quia qui corporis ea.',1,1,'2020-04-18 02:45:38','2020-11-19 16:08:14'),(114,14,14,'Dolorem provident optio qui ut qui qui. Sunt molestiae totam dolorem enim aut nobis deserunt. Assumenda rerum nihil in vel fugit. Itaque quis debitis aut recusandae quia consequatur ut.',1,1,'2020-03-02 20:28:26','2020-11-19 16:08:14'),(115,15,15,'Ex est fugiat quae quis qui dignissimos iste. Blanditiis fugiat cumque sed nemo voluptatibus adipisci ut. Soluta quo ad optio aut earum rerum. Omnis quas aut est aliquam et eos.',1,0,'2020-03-31 21:07:05','2020-11-19 16:08:14'),(116,16,16,'Sint et alias voluptas rerum quae et et. Fuga minima quasi animi autem magnam voluptatibus. Voluptates natus eius cum quod. Porro neque autem iusto reprehenderit.',0,1,'2020-10-12 21:11:23','2020-11-19 16:08:14'),(117,17,17,'A facilis quis assumenda autem. Laborum ullam laboriosam optio ex culpa. Praesentium dignissimos dolorem molestiae fugit quo.',1,1,'2020-04-26 06:13:22','2020-11-19 16:08:14'),(118,18,18,'Aliquid explicabo ut eligendi voluptatem in eveniet. Dignissimos mollitia voluptas et harum.',1,0,'2019-12-12 01:15:46','2020-11-19 16:08:14'),(119,19,19,'Perspiciatis dolorem dignissimos velit corrupti quos. Quia animi est eveniet fugiat provident. Blanditiis maiores quae rerum qui.',1,1,'2019-12-15 00:50:08','2020-11-19 16:08:14'),(120,20,20,'Exercitationem magnam at qui quasi voluptas. Vel ullam qui rerum quisquam mollitia laboriosam minima. Maxime odio beatae pariatur repellat.',1,0,'2020-06-04 19:50:01','2020-11-19 16:08:14'),(121,21,21,'Maiores consectetur provident ratione inventore voluptatem ex quae. Dolores in qui illo aut eum. Est vero non sed quis tempora dolores vero. Unde totam fugiat magnam dolores. Voluptatem sit maxime recusandae cum quis quidem eum.',1,0,'2020-02-05 08:38:30','2020-11-19 16:08:14'),(122,22,22,'Rem iste vero voluptas dolore veniam et veniam quod. Voluptatem quod magnam necessitatibus non ut rerum alias. Quia excepturi blanditiis sunt quo necessitatibus dolores.',0,0,'2020-02-03 04:19:01','2020-11-19 16:08:14'),(123,23,23,'Doloribus iste voluptatem laudantium facilis explicabo. Quis enim debitis optio quis. Voluptas est blanditiis sunt reprehenderit. Dignissimos aut et et est.',0,1,'2020-07-06 16:51:58','2020-11-19 16:08:14'),(124,24,24,'Laudantium eos quasi consequuntur. Quos debitis quidem asperiores sequi similique molestiae molestiae. Quisquam recusandae qui rerum quam.',0,0,'2020-06-05 09:32:23','2020-11-19 16:08:14'),(125,25,25,'Sed porro omnis mollitia ut. Ipsum ut quo molestiae maxime accusamus alias. Dolores ut omnis modi reprehenderit.',1,0,'2020-02-09 05:39:48','2020-11-19 16:08:14'),(126,26,26,'Et optio ea sunt dolorum soluta. Voluptatum quia praesentium odio dolorem ducimus voluptas saepe.',0,0,'2020-05-30 17:57:39','2020-11-19 16:08:14'),(127,27,27,'At ut aut molestiae. Sapiente eum voluptatem odit at fuga. Voluptatem quaerat quo nulla itaque atque animi nemo. Ullam molestiae tempore qui voluptas. Sed dolor non illo tenetur eos.',1,0,'2020-07-08 04:09:09','2020-11-19 16:08:14'),(128,28,28,'Natus aut iusto autem molestiae atque vitae et. Officia necessitatibus sit minus architecto dolores deserunt provident. Amet porro cupiditate expedita doloremque. Omnis neque sapiente aut.',1,1,'2020-02-06 09:19:42','2020-11-19 16:08:14'),(129,29,29,'Qui necessitatibus voluptate autem quia culpa. Quia qui rerum iure est eum harum.',0,1,'2020-08-17 18:32:03','2020-11-19 16:08:14'),(130,30,30,'Reprehenderit enim qui voluptatum. Nam et impedit neque eaque. Quidem commodi aut ullam modi sunt neque ut. Facere in eligendi aliquam quo.',0,1,'2020-09-05 18:19:44','2020-11-19 16:08:14'),(131,31,31,'Adipisci est odio quos dolores facilis repellendus. Eum praesentium repellendus unde necessitatibus omnis quos ut dolores. Ullam facilis saepe facere id sunt qui.',1,0,'2020-05-09 05:55:07','2020-11-19 16:08:14'),(132,32,32,'Explicabo ut consequatur quia occaecati. Beatae dolores molestiae voluptas aspernatur sunt sed et. Odit qui dolorum animi asperiores iure et quia.',1,1,'2020-01-10 14:07:29','2020-11-19 16:08:14'),(133,33,33,'Quos explicabo atque aut occaecati et. Neque et recusandae id. Culpa ut modi iste officiis maxime ea. Ipsa facilis adipisci sint nihil quia excepturi incidunt.',1,0,'2020-04-28 21:23:39','2020-11-19 16:08:14'),(134,34,34,'Aut ut est incidunt soluta libero minima reprehenderit. Quis dolor omnis omnis rerum consequatur nisi. Nemo quia porro voluptatem.',0,0,'2020-06-24 00:50:23','2020-11-19 16:08:14'),(135,35,35,'Maiores modi voluptatum nisi ipsa delectus. Magni vel aut quas est sint quo accusantium voluptatem.',1,0,'2020-06-03 11:10:22','2020-11-19 16:08:14'),(136,36,36,'Vel aut facere quis minus qui. In autem soluta ut molestias. Quod molestias nobis voluptatum labore. Id consequatur voluptates assumenda tempora dolorum quidem.',1,0,'2020-05-21 21:40:24','2020-11-19 16:08:14'),(137,37,37,'Dolore necessitatibus autem hic velit dignissimos harum autem explicabo. Quaerat necessitatibus et vero aliquid ad vel. Modi consequatur est autem ullam magni. Pariatur aut necessitatibus adipisci soluta.',1,1,'2020-08-05 00:47:34','2020-11-19 16:08:14'),(138,38,38,'Sit quos necessitatibus veniam quia fugiat occaecati asperiores. Ut eius nam quis. Non hic quo officiis molestiae nostrum odio. Rem aliquid tempora aut nulla est.',1,0,'2020-01-07 07:13:59','2020-11-19 16:08:14'),(139,39,39,'Ab minima dignissimos voluptas fugit qui mollitia dolore. Quo molestiae itaque aut tenetur itaque eum quo. Quibusdam quasi voluptas cum eos eius architecto qui. Qui ut molestiae ipsa voluptatem sed non unde.',0,0,'2020-05-11 13:18:37','2020-11-19 16:08:14'),(140,40,40,'Suscipit culpa in voluptate reiciendis et at omnis est. Porro et excepturi suscipit necessitatibus dolore ipsa. Reiciendis officia minima est temporibus eaque.',0,0,'2019-11-21 18:03:40','2020-11-19 16:08:14'),(141,41,41,'Autem ipsum et sapiente amet adipisci qui possimus. Reiciendis ut dicta quas voluptate. Adipisci saepe cumque sit nemo nulla sequi omnis ullam. Placeat reprehenderit repellat fuga.',1,1,'2019-12-27 14:27:31','2020-11-19 16:08:14'),(142,42,42,'Perspiciatis aut earum est iure fuga. Omnis voluptas sint laboriosam adipisci delectus doloribus. Optio rerum harum sunt corrupti. Ipsum qui sint modi beatae atque.',0,1,'2020-10-08 00:01:37','2020-11-19 16:08:14'),(143,43,43,'Unde quo adipisci commodi quis. Et ut illum et impedit adipisci ipsa qui. Id quas et adipisci enim alias dolores alias.',0,0,'2020-08-17 04:17:05','2020-11-19 16:08:14'),(144,44,44,'Qui eos consectetur quos quae atque nostrum. Error dolorum et dolor rerum repellendus eligendi. Omnis aut et non error adipisci est. Dicta quod provident aut natus accusamus quia.',0,1,'2020-03-29 14:40:30','2020-11-19 16:08:14'),(145,45,45,'Quae nam est omnis sed reprehenderit vel. Totam ratione impedit similique dolores minima voluptas. Dolorum dolorum ea explicabo odit culpa.',0,1,'2020-11-05 00:37:38','2020-11-19 16:08:14'),(146,46,46,'Non aliquid deleniti iure ducimus ipsa accusamus. Accusamus iste asperiores sit corporis. Alias maxime qui nihil nisi qui ut nam voluptatem.',1,1,'2020-01-06 11:19:07','2020-11-19 16:08:14'),(147,47,47,'Omnis quos et aspernatur voluptatem quis ratione. Aperiam reprehenderit dolor beatae eligendi suscipit molestiae eos facilis. Sit maiores dolorem quia autem. Error blanditiis officiis dignissimos dicta et.',1,0,'2020-09-25 06:23:13','2020-11-19 16:08:14'),(148,48,48,'Blanditiis delectus earum sunt minima. Veniam doloremque aut temporibus. Consequatur voluptate omnis et eius harum molestias. Impedit sunt libero est saepe dolorem.',1,1,'2020-10-30 01:27:24','2020-11-19 16:08:14'),(149,49,49,'Incidunt fugiat at dignissimos ab est provident. Nam qui doloremque quod est dicta earum molestias ut. Voluptas sed consequatur doloremque qui sint non explicabo. Adipisci quia ut architecto fuga velit id.',0,1,'2020-10-27 13:16:12','2020-11-19 16:08:14'),(150,50,50,'Ex quidem delectus omnis repellendus minus. Numquam sint nostrum sunt atque sed. Eligendi est beatae minus quasi odit assumenda voluptate.',0,0,'2019-12-19 09:24:14','2020-11-19 16:08:14'),(151,51,51,'At rerum qui non cupiditate delectus dolorem. Quia autem ipsa quis magnam dolore fugiat blanditiis. Dolores optio accusamus voluptatem.',1,0,'2019-12-25 02:24:25','2020-11-19 16:08:14'),(152,52,52,'Ut vitae vel aut error nisi delectus. Numquam laborum magnam ipsum a. Doloremque ut cum ut officia voluptatibus id.',1,1,'2020-06-19 19:26:01','2020-11-19 16:08:14'),(153,53,53,'Tenetur blanditiis voluptates beatae porro quaerat explicabo esse molestiae. Natus accusamus rerum aliquam dicta vel. Quia aut corporis est omnis et dolorum. Ut est sit minus laborum qui id ipsum.',0,1,'2020-06-11 01:55:10','2020-11-19 16:08:14'),(154,54,54,'Molestiae accusamus dolorem rem culpa dolorem facilis sit. Officiis molestiae ut eos laudantium autem sequi temporibus. Ab architecto animi deserunt illo eligendi distinctio qui. Excepturi vitae iste cupiditate numquam cupiditate vitae unde ratione.',1,0,'2020-03-01 08:58:50','2020-11-19 16:08:14'),(155,55,55,'Vel possimus adipisci dolores neque qui vitae qui vero. Ut aut aut quidem rerum et. Ea iusto ab officiis voluptas similique magnam.',1,0,'2019-12-31 21:58:11','2020-11-19 16:08:14'),(156,56,56,'Dolores impedit qui voluptates ipsa sed. Soluta nihil magni excepturi porro dolor. Voluptates blanditiis ut quos vero. In dolor nihil placeat enim cupiditate possimus ut.',1,1,'2019-11-24 23:09:55','2020-11-19 16:08:14'),(157,57,57,'Quos nisi architecto quas omnis. Error deleniti eos est officiis. Perspiciatis inventore ea ullam.',1,1,'2020-04-12 04:30:27','2020-11-19 16:08:14'),(158,58,58,'Eligendi corporis saepe molestias dolores. Odit aperiam sint at veritatis iure expedita doloremque. Et quis dolor dolor itaque in recusandae est optio. Occaecati sit et omnis eos hic alias sint.',1,0,'2020-03-05 06:30:02','2020-11-19 16:08:14'),(159,59,59,'Corrupti aut magnam sit in eos quas. Rerum a nesciunt sed. Aliquam totam a soluta quos facere voluptatibus.',1,1,'2020-11-17 18:18:10','2020-11-19 16:08:14'),(160,60,60,'Culpa nulla est nam saepe voluptatem deleniti eaque. Alias at est praesentium voluptatem. Repudiandae eligendi adipisci itaque sed aperiam facilis libero.',1,0,'2020-04-03 10:20:19','2020-11-19 16:08:14'),(161,61,61,'Laudantium explicabo molestiae similique. Dolor eaque totam quia in similique sint. Facere iusto voluptate dolor saepe est dolorum.',1,1,'2020-05-31 21:01:20','2020-11-19 16:08:14'),(162,62,62,'Quis assumenda dicta nobis est qui. Vel est explicabo placeat dicta quaerat maiores aut. Aliquam fugiat possimus placeat minus et saepe. Dolor velit ea est aperiam veniam molestias.',1,0,'2020-06-22 08:23:40','2020-11-19 16:08:14'),(163,63,63,'Et impedit vel iusto quos minima consequatur. Corrupti optio et nihil aperiam distinctio nisi neque. Ut magni distinctio et et quia sed. Enim impedit animi architecto dolorem voluptatem in.',0,1,'2020-05-29 14:51:17','2020-11-19 16:08:14'),(164,64,64,'Nulla ab iusto molestiae accusantium quis tempora ex. Et maiores consequuntur esse commodi odio. Provident perspiciatis dolores vitae non expedita voluptatem labore iure.',1,1,'2020-10-30 08:54:18','2020-11-19 16:08:14'),(165,65,65,'Aut qui libero ex quisquam ipsam placeat totam. Id nobis architecto officia dolor quibusdam enim quas. Rerum dolorum provident non nulla perferendis.',0,1,'2020-08-31 02:20:11','2020-11-19 16:08:14'),(166,66,66,'Sint velit sed est. Ratione provident provident nihil tempora quo esse nobis. Est corrupti nemo ipsa error sint sunt.',1,0,'2020-04-05 06:52:41','2020-11-19 16:08:14'),(167,67,67,'Perspiciatis ipsam aperiam soluta architecto sequi. Quibusdam suscipit asperiores mollitia aliquam error. Repudiandae ratione suscipit delectus facilis dolorem harum debitis.',0,1,'2020-06-23 05:38:02','2020-11-19 16:08:14'),(168,68,68,'Accusantium et et commodi laboriosam quis veniam nesciunt. Fugiat nam sed sint qui ut dolores dolor. Aliquid harum dolor molestiae harum. Ducimus officiis quidem recusandae alias voluptate.',0,1,'2020-06-19 10:01:29','2020-11-19 16:08:14'),(169,69,69,'Dolores dolor et magnam iste dicta facere qui vitae. Animi velit minus vitae aliquam maxime. Quibusdam veniam molestiae reprehenderit nisi in.',0,0,'2020-11-06 04:32:30','2020-11-19 16:08:14'),(170,70,70,'Aut maxime maxime molestiae alias beatae cumque atque. Nam enim perspiciatis hic mollitia. Ratione tenetur voluptatem dolorem vel maiores odio.',0,1,'2020-11-08 11:00:08','2020-11-19 16:08:14'),(171,71,71,'Rem vel architecto exercitationem ratione debitis ut quisquam. Velit magnam atque iusto et fugit ipsam consectetur. Officiis eos quia explicabo nemo voluptatem qui. Nulla perspiciatis aut illum in aliquam totam fugit omnis.',1,0,'2020-01-20 03:06:50','2020-11-19 16:08:14'),(172,72,72,'Deleniti quia blanditiis incidunt autem molestiae ex a enim. Ab officiis id architecto in ex. Et fuga cupiditate alias repudiandae. Deleniti consequatur nisi eos et occaecati consectetur porro.',1,0,'2020-03-28 04:57:23','2020-11-19 16:08:14'),(173,73,73,'Sapiente cumque eum occaecati fugiat consequatur. Qui est quaerat voluptates quaerat quia consequatur. Optio veniam magni ex.',0,1,'2020-09-25 08:50:45','2020-11-19 16:08:14'),(174,74,74,'Harum sed ad et consequuntur porro. Quibusdam neque odio est cupiditate ut autem. Velit ad distinctio consectetur omnis et voluptatem magnam. Debitis dolorem eligendi perspiciatis accusantium delectus dignissimos corrupti fugiat.',0,0,'2020-03-27 12:57:28','2020-11-19 16:08:14'),(175,75,75,'Ex rerum rerum mollitia aliquid quod. Nisi earum dicta reiciendis nesciunt sed accusamus. Repudiandae maxime deserunt sint debitis repellat rerum earum necessitatibus.',0,1,'2020-05-16 19:28:05','2020-11-19 16:08:14'),(176,76,76,'Maxime voluptas impedit ducimus ut esse ratione nemo aperiam. Qui molestiae quidem a facilis possimus perferendis. Cupiditate incidunt eos recusandae rerum vero maiores deserunt. Quis corrupti recusandae quos iste alias eum.',1,1,'2020-10-26 22:17:17','2020-11-19 16:08:14'),(177,77,77,'Consectetur eaque molestias voluptatem tempore et officia porro laborum. Dolorem voluptatum magnam maxime nulla neque. Earum aut nobis dolorem eum sunt. Est aut eos ut eum ullam quidem.',0,0,'2020-05-26 03:27:17','2020-11-19 16:08:14'),(178,78,78,'Repudiandae illum ut inventore cum nulla dolores vero. Totam qui eum tempora cupiditate recusandae. Eaque facilis dolores reiciendis consectetur. Architecto harum doloribus vitae debitis aliquam voluptate iure. Earum iste vel eaque quas voluptatem nam.',1,0,'2020-10-17 08:40:48','2020-11-19 16:08:14'),(179,79,79,'Vitae dolorem consequatur autem placeat quia voluptatum quia. Non incidunt quidem est inventore. Nobis nobis dolorem fugit.',1,1,'2020-10-03 20:15:17','2020-11-19 16:08:14'),(180,80,80,'Possimus non debitis vel aut numquam. Recusandae aut nemo perspiciatis voluptatem rerum nam rerum. Ut minima omnis ut. Voluptas incidunt veritatis doloremque.',1,1,'2020-09-26 12:54:51','2020-11-19 16:08:14'),(181,81,81,'Occaecati ut voluptatum ipsum. Est autem reiciendis voluptatem est. Est et sit impedit accusantium. Dolor omnis iste nihil.',1,0,'2020-07-22 04:30:11','2020-11-19 16:08:14'),(182,82,82,'Voluptate sint dolores quia molestiae. Eveniet omnis nihil corporis ea voluptatem voluptatem eos. Rem maxime animi quas.',1,0,'2020-02-27 05:15:47','2020-11-19 16:08:14'),(183,83,83,'Voluptatem qui quia nostrum enim non. Explicabo voluptas omnis est blanditiis rem optio. Ipsum aspernatur minus quisquam pariatur nisi exercitationem accusantium. Nisi recusandae tempore hic omnis neque et.',1,1,'2020-08-06 02:07:03','2020-11-19 16:08:14'),(184,84,84,'Excepturi aut sapiente consequatur iure porro. Ullam explicabo dolore in omnis ab ea sed quo. Laborum consectetur quia distinctio at ad animi.',0,1,'2020-03-17 00:59:50','2020-11-19 16:08:14'),(185,85,85,'Velit pariatur provident doloribus minima impedit ab voluptate. Repellat ad architecto sit deleniti. Ut id molestias corporis non.',0,1,'2019-12-22 23:46:17','2020-11-19 16:08:14'),(186,86,86,'Quo vel accusantium cupiditate repellat quaerat ab iusto. Aperiam enim est molestiae iure nemo eum et. Repudiandae impedit et ipsum quibusdam. Ut temporibus consequatur enim sunt.',1,0,'2020-05-31 08:32:54','2020-11-19 16:08:14'),(187,87,87,'Dolor ipsum cum esse qui. Ab nulla omnis consequatur quibusdam.',1,1,'2020-08-25 05:16:11','2020-11-19 16:08:14'),(188,88,88,'Nostrum incidunt veniam eius architecto autem. Libero delectus amet accusantium libero.',1,0,'2020-07-11 10:53:24','2020-11-19 16:08:14'),(189,89,89,'Nobis est nesciunt commodi voluptatem quae voluptas. Illum unde dolor officiis harum magnam in aut. Eveniet deserunt eos inventore perferendis nisi. Dolor in totam aut necessitatibus ut dolores qui voluptatibus.',1,0,'2020-01-11 22:41:24','2020-11-19 16:08:14'),(190,90,90,'Est rerum est molestiae voluptates nam repellat pariatur. Est tempore occaecati aperiam eius. Iusto labore tempore dicta officiis quis facilis eaque. Exercitationem dolorem eum quasi corrupti ut magnam molestias.',0,0,'2020-07-12 21:05:57','2020-11-19 16:08:14'),(191,91,91,'Animi debitis consequatur nesciunt inventore aut. Distinctio dolor fuga quia cumque voluptas aperiam. Suscipit numquam et beatae corrupti earum et reprehenderit aut. Labore mollitia harum tempora omnis voluptates.',1,1,'2020-06-09 06:39:49','2020-11-19 16:08:14'),(192,92,92,'Non laborum sed delectus numquam dolore enim. Dolor voluptas veniam molestias aut. Voluptatem et magnam animi possimus vel sed eligendi. Dolorem et expedita suscipit dignissimos unde libero voluptates corrupti.',1,1,'2020-08-01 12:08:35','2020-11-19 16:08:14'),(193,93,93,'Rerum fugit odit aut voluptas esse esse ipsam. Sit est voluptas perferendis tempore aut libero quis. Cupiditate cupiditate sed ea ut omnis occaecati sapiente consequatur. Adipisci et quasi consequatur accusamus totam.',1,0,'2020-01-19 04:56:45','2020-11-19 16:08:14'),(194,94,94,'Sed velit repellat autem et. Sequi eligendi maiores deserunt perspiciatis suscipit dolores. Cumque ipsa tenetur omnis delectus aut vero.',1,0,'2020-06-22 15:18:53','2020-11-19 16:08:14'),(195,95,95,'Aperiam quia assumenda esse aut quas necessitatibus saepe. Aut voluptatem at cupiditate architecto quod enim est. Nihil quo dolor rerum nesciunt a voluptatem. Qui delectus et excepturi quibusdam ipsa et voluptatum.',1,0,'2020-07-09 18:49:03','2020-11-19 16:08:14'),(196,96,96,'Enim aut ducimus iure aut dolore. Aut mollitia culpa fugiat sit.',0,0,'2020-08-08 06:00:49','2020-11-19 16:08:14'),(197,97,97,'Quam omnis earum explicabo fugiat aut quam aperiam. Corporis dolores eum explicabo. Sed rem quia omnis ut aperiam.',1,1,'2020-06-11 02:28:49','2020-11-19 16:08:14'),(198,98,98,'Mollitia ex dolorum repellat perspiciatis. Debitis saepe asperiores labore. Sunt eum consectetur odio consequatur cumque. Voluptatum voluptatem omnis labore culpa autem voluptatem. Quia ab repellendus minima sapiente necessitatibus quos perferendis.',1,1,'2020-05-24 08:40:19','2020-11-19 16:08:14'),(199,99,99,'Quaerat voluptas facere molestiae animi unde blanditiis nisi. Ut consequuntur consequuntur nostrum doloribus et sed qui qui.',1,0,'2020-06-25 09:50:34','2020-11-19 16:08:14'),(200,100,100,'Et quo voluptatum adipisci libero. Sequi rem dolorum harum dicta et mollitia exercitationem. Excepturi sapiente maiores ex similique quo quod sit.',0,1,'2020-03-17 06:05:43','2020-11-19 16:08:14'),(201,1,1,'Distinctio voluptas in delectus illo quam. Totam non aliquam consequuntur non voluptas quas. Nostrum tempora debitis nobis. Ullam voluptas porro nostrum voluptas iure cupiditate id.',1,1,'2020-04-27 04:29:33','2020-11-19 16:08:14'),(202,2,2,'Ut magni unde sapiente reiciendis est. Optio a recusandae dignissimos amet et facilis.',1,1,'2020-08-13 23:15:35','2020-11-19 16:08:14'),(203,3,3,'Optio quo soluta est. Ducimus autem repellendus explicabo ipsam. Officia accusamus debitis voluptatum non reprehenderit fugiat illo.',0,1,'2020-01-05 08:05:41','2020-11-19 16:08:14'),(204,4,4,'Ut cum nemo porro itaque ut. Maiores qui possimus facere iste dolor et. Quasi magnam architecto quisquam est sint. Possimus enim quos optio dolores doloremque dolorum ex.',1,1,'2020-11-08 21:17:41','2020-11-19 16:08:14'),(205,5,5,'Quas voluptatem iste odio tempore dolores sed harum. Est dolore quis est omnis. Placeat aperiam nihil magnam ipsa numquam quasi.',0,1,'2019-11-25 10:56:24','2020-11-19 16:08:14'),(206,6,6,'Qui distinctio qui similique quis soluta. Voluptatem omnis illo repudiandae non neque dolores suscipit. Consequuntur repellat et accusamus et dolorem. Recusandae atque sint temporibus rerum quia repudiandae voluptatem facilis.',0,1,'2020-05-01 13:21:42','2020-11-19 16:08:14'),(207,7,7,'Accusantium unde quia eveniet. Corporis corporis culpa ex tempore. Ducimus et consequatur est quia voluptate eos quibusdam. Nobis aliquam fuga nihil earum assumenda voluptatem odio.',0,1,'2020-08-07 05:37:32','2020-11-19 16:08:14'),(208,8,8,'Ipsam in ipsum est accusamus maxime numquam modi quisquam. Architecto odit odit et voluptatem sint quo.',1,0,'2020-06-14 07:43:34','2020-11-19 16:08:14'),(209,9,9,'Impedit ullam et placeat nihil. Aut veniam soluta ab vel et. Sequi et illo laudantium fuga distinctio asperiores facere.',1,0,'2020-08-30 22:37:33','2020-11-19 16:08:14'),(210,10,10,'Quas quidem et tempora. Accusantium laborum eum et cumque hic voluptatum. Quia enim eius vel. Dignissimos harum omnis tempore assumenda doloribus quis enim.',1,0,'2019-11-24 04:19:46','2020-11-19 16:08:14'),(211,11,11,'Voluptatem aut voluptas dolorum aspernatur. Voluptatem reprehenderit est facilis eos corporis. Repellat vel vitae consequatur doloribus qui ipsum. Molestiae voluptatem dolor quas harum.',1,0,'2020-05-14 04:21:12','2020-11-19 16:08:14'),(212,12,12,'Quisquam sed blanditiis non aut molestias aut. Expedita culpa possimus quod eum iusto voluptatibus. Itaque recusandae qui voluptatum ullam. Aperiam adipisci reprehenderit incidunt sequi provident ad.',0,1,'2020-08-05 02:09:27','2020-11-19 16:08:14'),(213,13,13,'Esse aliquid perferendis eum sapiente dolor ut atque. Quo optio ut non sed est ut. Sunt neque et beatae cumque autem.',1,1,'2020-08-16 11:25:47','2020-11-19 16:08:14'),(214,14,14,'Voluptatem voluptatem iste facere qui asperiores. Quia non quia et eveniet necessitatibus aut ratione. Minima dolores veritatis deleniti.',0,1,'2020-10-07 02:21:48','2020-11-19 16:08:14'),(215,15,15,'Cupiditate fuga ut doloribus architecto ullam culpa voluptatem. Voluptatum vel sit culpa. Ut voluptatem autem quo nulla porro adipisci incidunt placeat. Voluptatum aut voluptatem fugiat enim pariatur.',0,0,'2020-04-01 04:34:56','2020-11-19 16:08:14'),(216,16,16,'Et provident est expedita pariatur non a autem perferendis. Atque voluptates dicta cum doloribus sunt et laudantium sint. Ab autem et nesciunt provident numquam aperiam et. Dolores cumque placeat asperiores est consequuntur temporibus.',1,0,'2020-03-28 04:33:18','2020-11-19 16:08:14'),(217,17,17,'Ex dolor neque nisi autem. Dolorem similique iure eum sed quo excepturi. Modi dolores praesentium nihil aperiam.',0,1,'2020-09-02 23:59:38','2020-11-19 16:08:14'),(218,18,18,'Et et est cumque veritatis ratione in possimus rerum. Culpa aperiam reprehenderit sequi pariatur sunt. Aut totam est esse cupiditate nobis quos aut. Quasi illum nihil perferendis earum quis atque totam.',1,0,'2019-12-17 23:43:12','2020-11-19 16:08:14'),(219,19,19,'Et magni dicta occaecati et ut vel eos. Esse quasi perferendis provident in nulla sequi. Consectetur quia exercitationem molestias libero ut fugiat aut. Fugit ex assumenda et et maiores aperiam.',0,1,'2020-05-17 13:46:01','2020-11-19 16:08:14'),(220,20,20,'Vel laboriosam fugiat aliquid minima. Quaerat qui et fugit. Qui corporis qui quia ea reprehenderit atque voluptatem. Animi non quo sapiente sit modi.',1,1,'2019-12-11 16:46:59','2020-11-19 16:08:14'),(221,21,21,'Similique illo sint nesciunt quis enim. Praesentium in voluptas unde ut eum quaerat. Recusandae possimus assumenda aspernatur maiores modi.',1,0,'2020-10-29 17:00:40','2020-11-19 16:08:14'),(222,22,22,'Molestias atque excepturi eum sint quo ea. Modi temporibus dolore qui sint libero. Molestiae occaecati rerum tempora ipsum cupiditate sed ad. Consectetur consequatur impedit pariatur assumenda. Odio perferendis perspiciatis sequi.',1,1,'2020-10-09 23:06:43','2020-11-19 16:08:14'),(223,23,23,'Quis tempora labore perspiciatis. Nisi id alias unde explicabo odio dolores sed. Aliquam voluptatum deleniti ullam itaque consequatur autem.',1,0,'2020-05-25 15:42:36','2020-11-19 16:08:14'),(224,24,24,'Dolores qui corporis modi reprehenderit itaque laboriosam. Harum voluptatem temporibus ullam inventore. Dolore et illum deleniti. Molestias quas voluptatem reiciendis deleniti nihil laborum ea ut.',1,1,'2020-04-29 02:23:43','2020-11-19 16:08:14'),(225,25,25,'Rem omnis doloremque commodi voluptas aspernatur. Magni neque quaerat accusantium reprehenderit. Amet quasi cumque fugit vitae quia dolores.',1,0,'2020-10-08 13:51:46','2020-11-19 16:08:14'),(226,26,26,'Facilis sed sit est sed. Consequuntur hic autem et quidem at voluptas. Earum ut qui vel.',0,1,'2020-04-04 12:33:14','2020-11-19 16:08:14'),(227,27,27,'Quidem eos aut dolor doloribus ut expedita magnam sequi. Distinctio tempore impedit dolorem voluptatem repellat. Ex ut amet et nostrum asperiores qui. Enim fugiat atque voluptatem vitae similique.',0,1,'2020-06-13 15:47:07','2020-11-19 16:08:14'),(228,28,28,'Odit deleniti tempora illo blanditiis nesciunt qui porro. Aut molestiae voluptatem illo nihil. Quibusdam aspernatur sunt voluptate sapiente laudantium. Rem quisquam debitis quo corporis.',1,1,'2020-02-27 19:25:36','2020-11-19 16:08:14'),(229,29,29,'Vero quidem esse sit aut omnis. Esse est amet dignissimos et soluta voluptates. Doloremque optio praesentium aut modi quo eius occaecati. Autem ex quisquam velit.',1,1,'2020-08-04 17:11:32','2020-11-19 16:08:14'),(230,30,30,'Mollitia omnis doloribus fugit provident rerum cupiditate facere. Aperiam fugit illo quia cumque illum magnam vel. Ipsam id quam eveniet explicabo.',1,1,'2020-01-12 09:25:00','2020-11-19 16:08:14'),(231,31,31,'Sunt repudiandae quo suscipit est non quidem quas. Quibusdam ut quia sunt placeat corrupti. Aut voluptatibus fuga earum saepe sequi eligendi ipsam.',1,1,'2020-01-23 09:35:33','2020-11-19 16:08:14'),(232,32,32,'Perferendis ut reiciendis sed recusandae quis ut hic ut. Voluptatibus inventore consequatur deserunt ut placeat ipsam. Quia facilis impedit distinctio placeat eum. Deleniti ut optio sunt distinctio cupiditate laborum voluptatem cum.',0,1,'2020-10-01 07:18:31','2020-11-19 16:08:14'),(233,33,33,'Aliquid ex sunt ipsa et. Dolorem sit voluptatibus iste vero repellat cum. Quod et deserunt et ut.',0,0,'2020-11-07 00:40:04','2020-11-19 16:08:14'),(234,34,34,'Et illum nam aspernatur. Est eum deserunt eum soluta molestias eaque explicabo architecto. Nulla reiciendis suscipit officia commodi et dolores dolor voluptas. Nulla in architecto occaecati id nam modi. Esse et ut nobis commodi.',1,1,'2020-01-10 03:37:36','2020-11-19 16:08:14'),(235,35,35,'Impedit non voluptas dolorem excepturi dolore cupiditate ducimus. Adipisci ut inventore sint dignissimos veritatis laborum veniam. Doloribus qui quod accusantium eligendi reiciendis quam nobis.',1,0,'2020-07-23 05:26:54','2020-11-19 16:08:14'),(236,36,36,'Sit dolor numquam animi officiis. Eligendi numquam possimus odio dolorem id. Neque perferendis hic exercitationem quis.',0,1,'2020-08-10 00:01:30','2020-11-19 16:08:14'),(237,37,37,'Iusto aut eaque tempore repellendus culpa aspernatur. Porro tenetur et ut. Dignissimos repellat aliquam ratione nostrum quod.',1,1,'2020-09-30 07:01:40','2020-11-19 16:08:14'),(238,38,38,'Et perferendis eum possimus unde nesciunt. Sit alias expedita et rerum et. Error voluptates aliquid illum illum architecto quaerat iusto. Pariatur esse placeat exercitationem sequi reiciendis eius temporibus.',0,0,'2020-08-01 16:29:39','2020-11-19 16:08:14'),(239,39,39,'Dolorem non harum cumque molestias. Rem aut omnis ea quis accusantium. Vitae ut rerum ut et explicabo quaerat at. At molestiae amet perferendis ut laudantium earum.',1,0,'2020-10-15 19:07:42','2020-11-19 16:08:14'),(240,40,40,'Quia cupiditate eos consectetur tempore blanditiis voluptates quia. Impedit alias earum commodi quisquam expedita doloremque. Cum maxime voluptatum laboriosam temporibus quo harum libero.',0,0,'2020-03-17 09:26:43','2020-11-19 16:08:14'),(241,41,41,'Quam quod rerum et cupiditate possimus a veritatis. Odit vel id sit veritatis omnis. Laborum ratione quisquam debitis est.',0,0,'2019-12-12 15:43:28','2020-11-19 16:08:14'),(242,42,42,'Est magnam saepe dolor nemo. Totam aut et labore qui reprehenderit. Mollitia et qui dicta aliquam omnis sunt.',0,0,'2020-08-03 04:45:19','2020-11-19 16:08:14'),(243,43,43,'Minima itaque impedit repudiandae quam cupiditate voluptates vel. Et dolore consequatur deserunt atque officia quae. Nulla aut quo similique earum sint est ipsum.',0,0,'2020-02-02 18:04:11','2020-11-19 16:08:14'),(244,44,44,'Porro aut velit sunt dicta velit ducimus non. Nemo vitae perspiciatis dolor ab blanditiis nihil modi. Omnis officia officiis et ut officiis et libero. Ex fuga eius quo est expedita officiis.',0,0,'2019-12-20 01:51:17','2020-11-19 16:08:14'),(245,45,45,'Suscipit provident cumque eveniet ratione et. Assumenda aut laborum pariatur in quis qui libero. Odit sed exercitationem ad voluptatem tempore. Accusantium corporis illo repellat facere.',1,0,'2020-11-03 01:31:46','2020-11-19 16:08:14'),(246,46,46,'Ut est explicabo id ea. Et repudiandae asperiores ut quae voluptatem. Dolorem tempore voluptatum distinctio ipsum esse. Temporibus mollitia in saepe deleniti hic laboriosam laboriosam.',0,0,'2020-07-11 03:31:10','2020-11-19 16:08:14'),(247,47,47,'Rerum at et praesentium libero. Corporis aspernatur nobis ut modi et corrupti nulla nostrum. At autem quisquam accusamus non harum. Cum consequatur omnis laudantium at temporibus.',0,1,'2020-08-07 22:15:40','2020-11-19 16:08:14'),(248,48,48,'In dicta inventore reiciendis illo nisi. Itaque provident sit at vel maiores odio non. Velit et autem voluptatem non eos eius consectetur.',0,0,'2020-02-09 12:44:08','2020-11-19 16:08:14'),(249,49,49,'Aliquid rerum qui vel excepturi iure ipsa. Maiores molestiae ut et pariatur. Quia debitis aut nesciunt rerum modi minima iusto. A ut est qui temporibus deleniti animi.',1,0,'2020-04-08 22:14:06','2020-11-19 16:08:14'),(250,50,50,'Debitis omnis vel vero possimus vitae. Quaerat itaque quia repellat explicabo. Perferendis eos et et repellat velit.',0,0,'2020-09-03 23:51:36','2020-11-19 16:08:14'),(251,51,51,'Tenetur ullam consequatur neque optio sunt accusantium et. Impedit tenetur delectus ut est eos esse. Pariatur suscipit incidunt cum accusantium id. Perferendis et dolor a sapiente beatae. Amet atque enim corporis quae.',1,0,'2020-01-06 05:01:03','2020-11-19 16:08:14'),(252,52,52,'Debitis eius est aliquid debitis. Neque soluta iure suscipit ipsum totam dolor veniam.',1,1,'2020-07-11 02:37:22','2020-11-19 16:08:14'),(253,53,53,'Voluptatem architecto et nam in et sed ut dolor. Molestiae rem id doloremque eos quibusdam. Nostrum est laudantium optio. Quis consequatur nostrum ratione molestiae et rerum. Illum nemo qui nulla ratione.',1,0,'2019-11-22 09:28:30','2020-11-19 16:08:14'),(254,54,54,'Quisquam optio dolorem quis. Qui qui ex doloremque soluta. Ut accusantium id velit consequuntur.',1,0,'2020-08-07 07:53:27','2020-11-19 16:08:14'),(255,55,55,'Et magnam et nesciunt ea repudiandae et laborum. Optio id corporis non cumque. Nam nesciunt dolorem corporis vero modi. Aliquam aut quo amet sed repellendus fuga repellat.',1,1,'2020-01-26 06:33:12','2020-11-19 16:08:14'),(256,56,56,'Hic voluptas qui officia dolorum in. Voluptas deserunt ut dolor voluptas sit aliquid accusantium. Eum vel ut qui. Temporibus recusandae impedit omnis quo earum pariatur molestiae. Voluptatibus corporis qui consequuntur facere tenetur nihil.',0,1,'2020-02-12 03:41:11','2020-11-19 16:08:14'),(257,57,57,'Occaecati consequatur cumque quia et enim qui. Qui fugit vero pariatur facilis. Eum veniam aliquam perferendis cum occaecati nihil.',1,1,'2020-07-19 11:57:05','2020-11-19 16:08:14'),(258,58,58,'Quas cumque aperiam minus dolores consequatur fugit. Reiciendis aperiam voluptatem nam neque ullam. Qui et officia qui consequatur ut. Tempore id libero quibusdam vel aut.',1,1,'2020-10-29 14:16:04','2020-11-19 16:08:14'),(259,59,59,'Facilis accusamus dolor ut ducimus nulla quam tempora. Voluptatem voluptas dignissimos pariatur quam recusandae. Enim voluptatem aperiam consequatur animi labore fugit. Nihil eos deleniti deserunt impedit.',0,1,'2020-05-25 03:08:19','2020-11-19 16:08:14'),(260,60,60,'Aspernatur culpa omnis atque expedita ad provident. Quia itaque ducimus eaque laudantium. Modi nisi culpa in.',1,1,'2020-08-16 22:32:36','2020-11-19 16:08:14'),(261,61,61,'Ipsam qui esse sunt autem nihil. At aspernatur iste nulla quia. Sed sed doloremque quidem et et.',1,1,'2019-12-04 01:55:42','2020-11-19 16:08:14'),(262,62,62,'Est eius nemo culpa laudantium quia perspiciatis. Et dolores quae delectus repellendus. Rerum pariatur natus voluptatem culpa officia.',1,0,'2020-07-02 12:33:34','2020-11-19 16:08:14'),(263,63,63,'Temporibus asperiores eius quisquam praesentium. Deleniti ducimus officiis non mollitia aut optio recusandae id. Ratione iure enim optio blanditiis dolorem.',1,1,'2020-08-02 16:44:41','2020-11-19 16:08:14'),(264,64,64,'Et vero vel et eveniet qui. Dolor ut vitae ex ea. Sapiente minima aut nam.',0,0,'2020-01-18 20:31:32','2020-11-19 16:08:14'),(265,65,65,'Vero atque reiciendis dignissimos recusandae fugiat distinctio minima. Enim in ut repellendus ea iusto. Sequi harum aut dolorum temporibus dolorum ad. Repellat nisi architecto ipsam tenetur autem cumque voluptas.',1,0,'2020-02-27 14:41:09','2020-11-19 16:08:14'),(266,66,66,'Aut aut dolor eum eum cupiditate ipsam asperiores. Omnis occaecati assumenda tempora possimus. Nesciunt occaecati reprehenderit ea deserunt nam.',1,1,'2020-04-26 07:32:40','2020-11-19 16:08:14'),(267,67,67,'Quam sapiente dicta et iusto dolor. Aut nostrum rerum soluta consequuntur. Voluptatem et exercitationem maiores consequuntur.',0,0,'2020-09-12 03:39:48','2020-11-19 16:08:14'),(268,68,68,'Maiores non sit voluptatibus impedit nesciunt consequuntur sed. Enim id nam dolor voluptatem. Deserunt accusamus soluta hic beatae pariatur. Minima quis facere odit voluptas fugiat ut deleniti.',1,0,'2020-10-01 09:11:59','2020-11-19 16:08:14'),(269,69,69,'Sit officia molestias aut maiores aut est. Deserunt est magni incidunt distinctio excepturi quis ad.',1,1,'2020-03-02 00:00:26','2020-11-19 16:08:14'),(270,70,70,'Voluptate sit ut nisi illo aperiam. Dolores voluptas ad quasi voluptates voluptas quod ipsam. Iste minus vel exercitationem nisi sequi omnis dolor.',0,0,'2020-05-15 20:12:24','2020-11-19 16:08:14'),(271,71,71,'Atque quia ipsa doloremque aperiam aut et ipsa ducimus. Doloremque est et libero nisi labore officiis beatae. Harum animi corrupti aut. Alias recusandae ut laborum non libero necessitatibus.',0,1,'2020-11-07 03:29:40','2020-11-19 16:08:14'),(272,72,72,'Sed at voluptatem autem et fugit repudiandae et. Mollitia architecto porro ut inventore et sunt. Assumenda quam porro quaerat aliquid aliquid. Quidem deleniti nobis qui enim nesciunt illo quod.',1,0,'2020-03-27 22:24:27','2020-11-19 16:08:14'),(273,73,73,'Natus cupiditate iste aut consequuntur vel aut est. Quos dolore quo optio provident sed dignissimos. Officia nobis maiores suscipit veniam alias et.',0,1,'2020-10-28 10:35:30','2020-11-19 16:08:14'),(274,74,74,'Expedita esse dolorum velit sed dolores. Voluptatibus nisi quam quis cumque ab. Ipsa ut temporibus et sunt aliquam tempore dolorem odio. Expedita fuga praesentium aut cum recusandae.',0,1,'2020-07-13 01:11:15','2020-11-19 16:08:14'),(275,75,75,'Delectus nihil ut voluptatem sit dignissimos beatae corporis labore. Velit natus doloribus quidem cupiditate ducimus. Facere omnis in eos dicta.',0,1,'2020-04-11 16:09:03','2020-11-19 16:08:14'),(276,76,76,'Enim rerum natus sed quasi. Natus id rerum sed dolorem facilis occaecati adipisci. Cumque modi iste nulla cum.',0,0,'2020-03-04 17:58:56','2020-11-19 16:08:14'),(277,77,77,'Sint qui ipsam aut doloremque quis necessitatibus. Quod aliquam molestias deserunt distinctio ipsa inventore et. Nisi sed placeat enim quidem et.',1,0,'2020-01-03 12:03:08','2020-11-19 16:08:14'),(278,78,78,'Voluptatum rem est est voluptas laborum magni harum. Quod dolorem voluptatem consequuntur perferendis ab. Natus possimus sint aut eligendi laborum amet.',0,1,'2020-02-13 02:14:38','2020-11-19 16:08:14'),(279,79,79,'Temporibus et rerum saepe fugiat ut consequuntur. Qui corrupti sint sit optio. Et dolorum voluptas est sed omnis qui pariatur. Omnis dolore ea architecto sapiente est et omnis.',0,0,'2020-08-09 13:14:49','2020-11-19 16:08:14'),(280,80,80,'Ipsam ex libero adipisci id qui magnam est. Et qui sed neque corrupti. Libero iusto provident et voluptatibus.',1,0,'2019-12-15 08:09:14','2020-11-19 16:08:14'),(281,81,81,'Molestias ipsa consequuntur sed sit non quas hic. Aut aut adipisci necessitatibus corrupti ut. Quisquam aut dolores quia dolorum nobis.',0,0,'2020-07-25 02:09:58','2020-11-19 16:08:14'),(282,82,82,'Libero dolor quos qui. Laudantium cum non eos rerum. Quaerat dolorum qui vero quis doloremque eos. Impedit inventore autem optio.',1,1,'2020-06-05 07:46:10','2020-11-19 16:08:14'),(283,83,83,'Officia fugiat aut sit beatae. Esse aut minus illo nisi. Similique quis non itaque ut sint odio quod. Omnis molestiae corporis eos omnis repellendus.',1,1,'2020-10-23 02:13:56','2020-11-19 16:08:14'),(284,84,84,'Quos velit delectus laborum et ut et sit. Nihil fuga animi omnis et voluptates. Et est distinctio quo quos non laborum error.',1,0,'2020-09-14 15:22:07','2020-11-19 16:08:14'),(285,85,85,'Ut fugiat labore nihil voluptas provident quo quidem. Libero impedit iusto aut nihil aliquid nostrum. Rerum sit laudantium vel ducimus ipsum.',1,0,'2020-11-11 15:22:04','2020-11-19 16:08:14'),(286,86,86,'Minima beatae voluptatem qui non repellendus velit omnis. Officia accusamus dolore eos qui perferendis. Sint dolores commodi qui sed voluptatem.',1,0,'2020-01-10 01:27:50','2020-11-19 16:08:14'),(287,87,87,'Voluptatibus et omnis qui et. In vero veritatis itaque labore molestiae.',1,0,'2019-12-02 13:35:48','2020-11-19 16:08:14'),(288,88,88,'Inventore reprehenderit aut voluptatem blanditiis. Qui est asperiores perspiciatis nesciunt aliquam illum. Vel voluptatem veniam enim earum autem. Id perspiciatis accusantium repudiandae corrupti ea animi totam.',1,1,'2020-09-20 04:32:57','2020-11-19 16:08:14'),(289,89,89,'Laborum repudiandae nihil aut vitae excepturi numquam ex. Temporibus est distinctio sint dolor odit est omnis. Corporis et voluptatem quis atque ipsum.',1,0,'2020-01-22 03:59:14','2020-11-19 16:08:14'),(290,90,90,'Aspernatur ullam harum explicabo error. Unde et consequatur alias consequuntur. Quia quae aperiam sed aperiam et.',1,0,'2020-05-28 05:43:00','2020-11-19 16:08:14'),(291,91,91,'Dolores aut soluta repellat soluta qui. Voluptas natus culpa dolor deleniti earum et non. Ut voluptate praesentium cum.',1,0,'2019-12-11 19:18:34','2020-11-19 16:08:14'),(292,92,92,'Ducimus odio repellat fugiat in. Dolorum et minus in sit. Iusto non reiciendis aut sit autem. Doloremque labore et alias vero rem perspiciatis consectetur.',1,0,'2020-01-15 18:14:53','2020-11-19 16:08:14'),(293,93,93,'Maiores non ut asperiores inventore non dolorem. Nihil cupiditate quibusdam voluptates eos distinctio iure. Et quam totam ut. Iste deserunt iure quia consectetur.',1,0,'2020-06-04 02:53:21','2020-11-19 16:08:14'),(294,94,94,'Similique et commodi tenetur similique quae illum blanditiis soluta. Aut asperiores est animi et ea. Eos beatae perspiciatis magni et. Rerum sapiente consequuntur magnam laudantium.',1,0,'2020-09-01 08:19:45','2020-11-19 16:08:14'),(295,95,95,'Omnis vel recusandae eius fugit architecto sed nulla. Laboriosam voluptatum amet illo corrupti voluptatibus blanditiis est.',1,1,'2019-12-27 01:13:24','2020-11-19 16:08:14'),(296,96,96,'Omnis ut ut dolor delectus hic. Aut ut doloribus delectus doloremque excepturi officia dicta. Laborum ullam ratione doloremque dolores ipsa doloremque.',0,0,'2020-05-19 18:42:42','2020-11-19 16:08:14'),(297,97,97,'Sapiente fugiat voluptatem in adipisci est voluptate blanditiis. Possimus fugit sint eveniet ut repellendus non. Quia quae architecto accusantium suscipit sint. Minus qui atque est alias.',0,1,'2020-02-06 05:16:28','2020-11-19 16:08:14'),(298,98,98,'Error expedita sint repudiandae est qui illum. Atque et corrupti ad. Animi et ea quis fugit.',1,0,'2020-07-30 22:23:47','2020-11-19 16:08:14'),(299,99,99,'Eligendi alias nam occaecati ipsam et ratione voluptatem. Repellat repudiandae dolores ipsam sit sit in. Sunt culpa possimus qui amet suscipit neque.',0,1,'2020-10-19 22:11:25','2020-11-19 16:08:14'),(300,100,100,'Explicabo magni praesentium aut. Error id dolore quis dolores commodi molestias veritatis. Pariatur illum maxime excepturi dolor. Provident architecto odit est voluptatibus facere.',1,1,'2020-11-07 15:00:14','2020-11-19 16:08:14');
/*!40000 ALTER TABLE `messages` ENABLE KEYS */;
UNLOCK TABLES;

--
-- Table structure for table `profiles`
--

DROP TABLE IF EXISTS `profiles`;
/*!40101 SET @saved_cs_client     = @@character_set_client */;
/*!40101 SET character_set_client = utf8 */;
CREATE TABLE `profiles` (
  `user_id` int unsigned NOT NULL COMMENT 'Ссылка на пользователя',
  `gender` char(1) NOT NULL COMMENT 'Пол',
  `birthday` date DEFAULT NULL COMMENT 'Дата рождения',
  `photo_id` int unsigned DEFAULT NULL COMMENT 'Ссылка на основную фотографию пользователя',
  `status` varchar(30) DEFAULT NULL COMMENT 'Текущий статус',
  `city` varchar(130) DEFAULT NULL COMMENT 'Город проживания',
  `country` varchar(130) DEFAULT NULL COMMENT 'Страна проживания',
  `created_at` datetime DEFAULT CURRENT_TIMESTAMP COMMENT 'Время создания строки',
  `updated_at` datetime DEFAULT CURRENT_TIMESTAMP ON UPDATE CURRENT_TIMESTAMP COMMENT 'Время обновления строки',
  PRIMARY KEY (`user_id`)
) ENGINE=InnoDB DEFAULT CHARSET=utf8mb4 COLLATE=utf8mb4_0900_ai_ci COMMENT='Профили';
/*!40101 SET character_set_client = @saved_cs_client */;

--
-- Dumping data for table `profiles`
--

LOCK TABLES `profiles` WRITE;
/*!40000 ALTER TABLE `profiles` DISABLE KEYS */;
INSERT INTO `profiles` VALUES (1,'b','1989-05-14',1,'Id quidem aut voluptates omnis','Jenkinsmouth','Oman','2020-11-19 16:00:47','2020-11-19 16:00:47'),(2,'a','2019-01-30',2,'Repellat sequi ipsum omnis bea','Port Ayden','Korea','2020-11-19 16:00:47','2020-11-19 16:00:47'),(3,'b','2002-04-24',3,'Quia eaque ut voluptatem id.','Herzogberg','Liechtenstein','2020-11-19 16:00:47','2020-11-19 16:00:47'),(4,'b','2014-01-10',4,'Doloribus laboriosam sed dolor','Port Charlene','Lesotho','2020-11-19 16:00:47','2020-11-19 16:00:47'),(5,'b','1982-08-03',5,'Quia quam illum consequatur re','North Jeanieville','Macedonia','2020-11-19 16:00:47','2020-11-19 16:00:47'),(6,'c','1991-05-03',6,'Nisi omnis numquam totam itaqu','Herzogbury','Sudan','2020-11-19 16:00:47','2020-11-19 16:00:47'),(7,'c','2014-09-06',7,'Debitis magnam tempore nesciun','South Minnieton','Moldova','2020-11-19 16:00:47','2020-11-19 16:00:47'),(8,'c','1974-08-08',8,'Enim ut magnam est ut rerum eu','Julianneville','Cote d\'Ivoire','2020-11-19 16:00:47','2020-11-19 16:00:47'),(9,'c','1989-06-28',9,'Natus nihil fugiat officia a a','Dorthashire','Australia','2020-11-19 16:00:47','2020-11-19 16:00:47'),(10,'c','2018-06-19',10,'Ducimus recusandae cumque aspe','North Frederic','Gambia','2020-11-19 16:00:47','2020-11-19 16:00:47'),(11,'a','1984-10-10',11,'Placeat officiis itaque suscip','North Domingostad','Spain','2020-11-19 16:00:47','2020-11-19 16:00:47'),(12,'c','2018-09-02',12,'Rerum optio voluptas id eligen','South Arielmouth','Eritrea','2020-11-19 16:00:47','2020-11-19 16:00:47'),(13,'a','2013-09-04',13,'Et praesentium debitis molesti','New Mya','Saint Lucia','2020-11-19 16:00:47','2020-11-19 16:00:47'),(14,'a','1982-11-16',14,'Voluptatum similique nam repud','Ezequielburgh','Guatemala','2020-11-19 16:00:47','2020-11-19 16:00:47'),(15,'b','2006-03-07',15,'Temporibus quaerat repellat te','Lake Bartonville','Sao Tome and Principe','2020-11-19 16:00:47','2020-11-19 16:00:47'),(16,'a','1973-06-30',16,'Rem fugiat corrupti quae unde ','Hudsonchester','Barbados','2020-11-19 16:00:47','2020-11-19 16:00:47'),(17,'a','1974-02-14',17,'Quo velit incidunt quibusdam e','Keelingside','Fiji','2020-11-19 16:00:47','2020-11-19 16:00:47'),(18,'a','2008-07-22',18,'Praesentium officia sed odio o','Nickolasmouth','Turkmenistan','2020-11-19 16:00:47','2020-11-19 16:00:47'),(19,'b','1973-11-08',19,'Aut eum voluptas quaerat nesci','Rosenbaummouth','Israel','2020-11-19 16:00:47','2020-11-19 16:00:47'),(20,'c','1998-07-26',20,'Cumque fugit nostrum aut quae ','Osinskifort','Paraguay','2020-11-19 16:00:47','2020-11-19 16:00:47'),(21,'b','1990-09-15',21,'Eligendi deserunt voluptas asp','Lake Mitchellmouth','Bosnia and Herzegovina','2020-11-19 16:00:47','2020-11-19 16:00:47'),(22,'b','2000-12-05',22,'Velit ut quidem doloremque vel','Webermouth','Paraguay','2020-11-19 16:00:47','2020-11-19 16:00:47'),(23,'c','1987-08-18',23,'Odio nam aut voluptates.','Haleybury','Algeria','2020-11-19 16:00:47','2020-11-19 16:00:47'),(24,'a','1989-04-09',24,'Provident quaerat maxime volup','Emardfurt','Eritrea','2020-11-19 16:00:47','2020-11-19 16:00:47'),(25,'c','2001-12-10',25,'Consequatur est reiciendis aut','Rasheedport','Benin','2020-11-19 16:00:47','2020-11-19 16:00:47'),(26,'a','1989-07-10',26,'Repellendus sit consectetur si','Zanefort','Swaziland','2020-11-19 16:00:47','2020-11-19 16:00:47'),(27,'c','1992-10-16',27,'Omnis commodi ut iusto occaeca','Franeckiport','Niger','2020-11-19 16:00:47','2020-11-19 16:00:47'),(28,'c','1980-02-03',28,'Ullam unde fugiat aut velit ne','South Murphy','Iceland','2020-11-19 16:00:47','2020-11-19 16:00:47'),(29,'c','1990-09-04',29,'Eius earum similique eos rerum','North Ansleymouth','Saint Lucia','2020-11-19 16:00:47','2020-11-19 16:00:47'),(30,'a','2011-03-19',30,'Quo tempora voluptas ipsa omni','Shawnaland','British Virgin Islands','2020-11-19 16:00:47','2020-11-19 16:00:47'),(31,'c','2012-10-01',31,'Et omnis itaque quos sunt volu','Wilkinsonborough','Oman','2020-11-19 16:00:47','2020-11-19 16:00:47'),(32,'a','2002-05-02',32,'Et ipsum nam aut quia earum.','Port Kristopher','Paraguay','2020-11-19 16:00:47','2020-11-19 16:00:47'),(33,'a','2008-06-23',33,'Fuga iusto molestias officia q','New Alvertaberg','Gambia','2020-11-19 16:00:47','2020-11-19 16:00:47'),(34,'b','1983-09-03',34,'Omnis qui dolor qui neque eum.','Port Orie','Macao','2020-11-19 16:00:47','2020-11-19 16:00:47'),(35,'c','1977-03-03',35,'Molestiae dignissimos fugit au','South Carlee','India','2020-11-19 16:00:47','2020-11-19 16:00:47'),(36,'a','2015-03-08',36,'Sapiente cumque sunt molestias','Eichmannchester','Algeria','2020-11-19 16:00:47','2020-11-19 16:00:47'),(37,'a','1998-09-28',37,'Laudantium recusandae dignissi','Ladariusborough','Mozambique','2020-11-19 16:00:47','2020-11-19 16:00:47'),(38,'b','2000-01-19',38,'Modi nemo atque excepturi offi','Missourimouth','Cayman Islands','2020-11-19 16:00:47','2020-11-19 16:00:47'),(39,'a','1976-08-13',39,'Rerum harum sequi nam eum dist','Kulasstad','Benin','2020-11-19 16:00:47','2020-11-19 16:00:47'),(40,'a','1984-06-15',40,'Autem at rem distinctio ullam.','South Tony','Denmark','2020-11-19 16:00:47','2020-11-19 16:00:47'),(41,'b','2008-07-08',41,'Blanditiis possimus minima eaq','West Leanneland','Peru','2020-11-19 16:00:47','2020-11-19 16:00:47'),(42,'b','2006-08-12',42,'Dolores aut consequatur beatae','Lake Gudrun','Pakistan','2020-11-19 16:00:47','2020-11-19 16:00:47'),(43,'b','1973-08-31',43,'Nihil rem error ipsam et.','Lake Kianaside','Nicaragua','2020-11-19 16:00:47','2020-11-19 16:00:47'),(44,'b','1977-12-25',44,'Similique nam et eum rerum com','North Irving','Samoa','2020-11-19 16:00:47','2020-11-19 16:00:47'),(45,'b','2006-04-28',45,'Ut dolores nihil et non.','Havenhaven','Serbia','2020-11-19 16:00:47','2020-11-19 16:00:47'),(46,'b','2017-04-24',46,'Facere ad quia aperiam sint qu','Horaceside','Gibraltar','2020-11-19 16:00:47','2020-11-19 16:00:47'),(47,'b','1972-03-27',47,'Dolores totam esse illo sed.','Bauchmouth','Lebanon','2020-11-19 16:00:47','2020-11-19 16:00:47'),(48,'b','1983-05-25',48,'Dolorem error eum enim possimu','West Leann','Armenia','2020-11-19 16:00:47','2020-11-19 16:00:47'),(49,'b','1987-07-03',49,'Ut veritatis sit vero ut asper','Predovicview','Uganda','2020-11-19 16:00:47','2020-11-19 16:00:47'),(50,'c','1976-03-03',50,'Placeat voluptatibus dolorem v','Gleichnerberg','Canada','2020-11-19 16:00:47','2020-11-19 16:00:47'),(51,'a','2015-12-25',51,'Sed modi et molestias ea omnis','East Erinville','Mali','2020-11-19 16:00:47','2020-11-19 16:00:47'),(52,'a','2012-07-23',52,'Molestiae veritatis recusandae','Grantmouth','Comoros','2020-11-19 16:00:47','2020-11-19 16:00:47'),(53,'c','1974-10-04',53,'Possimus ipsum quia mollitia e','Port Wilson','Iraq','2020-11-19 16:00:47','2020-11-19 16:00:47'),(54,'a','1980-04-09',54,'Corrupti ea voluptatum quas es','Heidenreichburgh','Ireland','2020-11-19 16:00:47','2020-11-19 16:00:47'),(55,'c','2018-03-05',55,'Est voluptas consequatur iste ','New Einarfort','Cocos (Keeling) Islands','2020-11-19 16:00:47','2020-11-19 16:00:47'),(56,'c','1984-08-08',56,'Consequatur pariatur nihil id.','Linnieton','Guatemala','2020-11-19 16:00:47','2020-11-19 16:00:47'),(57,'b','2017-02-11',57,'Eveniet nostrum placeat aliqui','North Johanbury','Ghana','2020-11-19 16:00:47','2020-11-19 16:00:47'),(58,'b','1994-04-26',58,'Aliquam omnis quae tempore aut','Ethanberg','Guadeloupe','2020-11-19 16:00:47','2020-11-19 16:00:47'),(59,'b','2015-06-06',59,'Eligendi repellat ad veniam no','South Gilesmouth','Korea','2020-11-19 16:00:47','2020-11-19 16:00:47'),(60,'b','1971-12-22',60,'Est debitis aut est et enim.','North Milantown','Lesotho','2020-11-19 16:00:47','2020-11-19 16:00:47'),(61,'b','1995-01-11',61,'Et ut eos ullam aliquid id mod','Lake Abelborough','Uganda','2020-11-19 16:00:47','2020-11-19 16:00:47'),(62,'b','2005-03-23',62,'Quia provident quod sequi expl','Port Baby','Slovakia (Slovak Republic)','2020-11-19 16:00:47','2020-11-19 16:00:47'),(63,'b','1977-07-28',63,'Exercitationem sunt et nostrum','Erynbury','Palestinian Territory','2020-11-19 16:00:47','2020-11-19 16:00:47'),(64,'c','1981-11-26',64,'Veritatis qui cum aut ut.','Craigstad','Kiribati','2020-11-19 16:00:47','2020-11-19 16:00:47'),(65,'a','1999-06-02',65,'At fugiat eos adipisci veritat','North Serenity','Tajikistan','2020-11-19 16:00:47','2020-11-19 16:00:47'),(66,'a','1987-06-18',66,'Quo reprehenderit soluta dolor','Christopside','British Virgin Islands','2020-11-19 16:00:47','2020-11-19 16:00:47'),(67,'a','2009-01-23',67,'Molestiae libero enim minima q','East Rollin','Iceland','2020-11-19 16:00:47','2020-11-19 16:00:47'),(68,'c','1986-04-05',68,'Vitae illo velit amet praesent','Haleytown','Korea','2020-11-19 16:00:47','2020-11-19 16:00:47'),(69,'b','2003-09-17',69,'Vitae dicta nihil totam eos ut','Klockomouth','China','2020-11-19 16:00:47','2020-11-19 16:00:47'),(70,'a','2004-02-17',70,'Provident sapiente placeat id ','Wandaberg','Bulgaria','2020-11-19 16:00:47','2020-11-19 16:00:47'),(71,'b','2005-07-12',71,'Ut eos voluptates quidem labor','Port Linnie','Luxembourg','2020-11-19 16:00:47','2020-11-19 16:00:47'),(72,'a','1975-02-25',72,'Fugit amet pariatur et quae qu','Mireyaton','Uganda','2020-11-19 16:00:47','2020-11-19 16:00:47'),(73,'c','1973-12-01',73,'Natus est repellat et consequa','North Mathiaschester','Turks and Caicos Islands','2020-11-19 16:00:47','2020-11-19 16:00:47'),(74,'b','2017-08-30',74,'Corrupti excepturi autem non u','Lake Loma','Dominica','2020-11-19 16:00:47','2020-11-19 16:00:47'),(75,'a','2012-05-24',75,'Nisi voluptas rem deserunt aut','Monahanview','Brunei Darussalam','2020-11-19 16:00:47','2020-11-19 16:00:47'),(76,'b','1999-12-17',76,'Deserunt enim ut odit ratione ','Gislasonberg','Timor-Leste','2020-11-19 16:00:47','2020-11-19 16:00:47'),(77,'a','1998-10-14',77,'Ut provident ipsum expedita hi','East Andreanne','Slovenia','2020-11-19 16:00:47','2020-11-19 16:00:47'),(78,'a','1996-12-15',78,'Eum sit in similique voluptas.','Alanahaven','Malaysia','2020-11-19 16:00:47','2020-11-19 16:00:47'),(79,'b','1973-02-06',79,'Asperiores quia enim dolores.','Abernathyfurt','Brazil','2020-11-19 16:00:47','2020-11-19 16:00:47'),(80,'a','2019-07-05',80,'Quis quam laudantium tenetur s','Urbanfurt','Austria','2020-11-19 16:00:47','2020-11-19 16:00:47'),(81,'b','1999-04-19',81,'Voluptas numquam corrupti dolo','East Rupertland','Ecuador','2020-11-19 16:00:47','2020-11-19 16:00:47'),(82,'b','2016-12-16',82,'Eum quo eaque sed ab dolores h','Murazikport','Malawi','2020-11-19 16:00:47','2020-11-19 16:00:47'),(83,'a','2002-03-03',83,'Corporis itaque ipsum saepe au','Julietville','Saint Lucia','2020-11-19 16:00:47','2020-11-19 16:00:47'),(84,'c','1997-06-06',84,'At molestiae unde et id volupt','Roseborough','French Polynesia','2020-11-19 16:00:47','2020-11-19 16:00:47'),(85,'c','2013-09-06',85,'Ea non sunt saepe aut officia ','West Jeramyport','Nigeria','2020-11-19 16:00:47','2020-11-19 16:00:47'),(86,'a','1982-11-09',86,'Impedit minus quos est earum q','East Mckenzieberg','Jordan','2020-11-19 16:00:47','2020-11-19 16:00:47'),(87,'a','1991-10-16',87,'Minima et aut est itaque vel.','East Casimer','Anguilla','2020-11-19 16:00:47','2020-11-19 16:00:47'),(88,'b','2003-08-03',88,'Voluptatem repudiandae sit con','Dickinsonview','Guam','2020-11-19 16:00:47','2020-11-19 16:00:47'),(89,'a','1986-09-10',89,'Dolorum vitae temporibus et de','South Florine','Romania','2020-11-19 16:00:47','2020-11-19 16:00:47'),(90,'a','2002-12-25',90,'Nam ipsum repudiandae laudanti','Homenickberg','Malaysia','2020-11-19 16:00:47','2020-11-19 16:00:47'),(91,'a','1991-07-07',91,'Qui tenetur iure odit aut dese','Kyliechester','Trinidad and Tobago','2020-11-19 16:00:47','2020-11-19 16:00:47'),(92,'c','1984-02-28',92,'Sint consequatur ratione dolor','Wisozkchester','Luxembourg','2020-11-19 16:00:47','2020-11-19 16:00:47'),(93,'a','2019-12-18',93,'Praesentium iusto iusto sit se','West Amara','Korea','2020-11-19 16:00:47','2020-11-19 16:00:47'),(94,'a','1973-03-29',94,'Dicta ut consequatur officiis ','Mathewburgh','Portugal','2020-11-19 16:00:47','2020-11-19 16:00:47'),(95,'a','1974-11-22',95,'Dolor porro et impedit iusto q','North Terrillmouth','Djibouti','2020-11-19 16:00:47','2020-11-19 16:00:47'),(96,'b','2019-06-22',96,'Quo perspiciatis aut eum et la','South Beatrice','Australia','2020-11-19 16:00:47','2020-11-19 16:00:47'),(97,'a','1995-06-13',97,'Illo et cumque dicta autem mol','Feilfort','Maldives','2020-11-19 16:00:47','2020-11-19 16:00:47'),(98,'b','2018-05-04',98,'Tempore sunt quam ipsum qui en','Quintonside','Haiti','2020-11-19 16:00:47','2020-11-19 16:00:47'),(99,'a','2006-08-16',99,'Omnis accusantium aliquam quid','South Donaldchester','Brazil','2020-11-19 16:00:47','2020-11-19 16:00:47'),(100,'c','2016-03-16',100,'In ut atque mollitia optio vol','East Eino','Latvia','2020-11-19 16:00:47','2020-11-19 16:00:47');
/*!40000 ALTER TABLE `profiles` ENABLE KEYS */;
UNLOCK TABLES;

--
-- Table structure for table `users`
--

DROP TABLE IF EXISTS `users`;
/*!40101 SET @saved_cs_client     = @@character_set_client */;
/*!40101 SET character_set_client = utf8 */;
CREATE TABLE `users` (
  `id` int unsigned NOT NULL AUTO_INCREMENT COMMENT 'Идентификатор строки',
  `first_name` varchar(100) NOT NULL COMMENT 'Имя пользователя',
  `last_name` varchar(100) NOT NULL COMMENT 'Фамилия пользователя',
  `email` varchar(100) NOT NULL COMMENT 'Почта',
  `phone` varchar(100) NOT NULL COMMENT 'Телефон',
  `created_at` datetime DEFAULT CURRENT_TIMESTAMP COMMENT 'Время создания строки',
  `updated_at` datetime DEFAULT CURRENT_TIMESTAMP ON UPDATE CURRENT_TIMESTAMP COMMENT 'Время обновления строки',
  PRIMARY KEY (`id`),
  UNIQUE KEY `email` (`email`),
  UNIQUE KEY `phone` (`phone`)
) ENGINE=InnoDB AUTO_INCREMENT=101 DEFAULT CHARSET=utf8mb4 COLLATE=utf8mb4_0900_ai_ci COMMENT='Пользователи';
/*!40101 SET character_set_client = @saved_cs_client */;

--
-- Dumping data for table `users`
--

LOCK TABLES `users` WRITE;
/*!40000 ALTER TABLE `users` DISABLE KEYS */;
INSERT INTO `users` VALUES (1,'Jaquelin','Herzog','velda53@example.org','1-367-935-2246x8206','2020-10-04 01:30:04','2020-11-19 15:48:08'),(2,'Stephanie','Kuhlman','greg39@example.net','(725)481-3901x65943','2020-02-17 01:48:03','2020-11-19 15:48:08'),(3,'Georgette','Littel','emmanuelle.reinger@example.org','437-281-4832x16911','2020-07-31 05:21:53','2020-11-19 15:48:08'),(4,'Moriah','Kemmer','urutherford@example.org','107-657-2314','2020-08-23 08:17:14','2020-11-19 15:48:08'),(5,'Marcus','Schaefer','dbruen@example.com','254.042.0245x2159','2020-02-16 21:40:17','2020-11-19 15:48:08'),(6,'River','Denesik','pollich.vito@example.org','(299)575-5808x83554','2020-10-12 22:32:43','2020-11-19 15:48:08'),(7,'Eliza','Ortiz','will.emmy@example.com','197-618-3909x73418','2019-12-18 13:03:50','2020-11-19 15:48:08'),(8,'Jaylan','Runolfsson','colt.breitenberg@example.net','05338562637','2020-11-01 08:41:32','2020-11-19 15:48:08'),(9,'Erna','Swaniawski','alayna.jacobs@example.net','(805)998-5027','2020-06-16 18:38:02','2020-11-19 15:48:08'),(10,'Ludie','Fritsch','ondricka.lue@example.com','466-367-6513x7079','2020-04-15 15:27:20','2020-11-19 15:48:08'),(11,'Kaylee','Flatley','missouri.beatty@example.org','341-590-2258x251','2020-11-11 05:03:26','2020-11-19 15:48:08'),(12,'Efrain','Walsh','lmosciski@example.com','733.160.2456','2020-06-21 20:27:39','2020-11-19 15:48:08'),(13,'Murl','Hagenes','pmuller@example.net','+97(1)7413078123','2020-11-17 10:06:20','2020-11-19 15:48:08'),(14,'Grady','Welch','considine.theresia@example.org','(842)253-6185','2020-08-11 23:39:42','2020-11-19 15:48:08'),(15,'Glenna','Welch','hertha.weissnat@example.net','1-977-734-4589x9777','2020-10-03 16:03:53','2020-11-19 15:48:08'),(16,'Juston','Price','jarmstrong@example.org','969-485-8432','2020-04-26 04:52:23','2020-11-19 15:48:08'),(17,'Nikko','O\'Conner','pwill@example.com','1-261-562-8182x0789','2020-01-12 20:26:16','2020-11-19 15:48:08'),(18,'Carolyn','Nikolaus','qkoelpin@example.org','+23(5)3990056786','2020-09-12 00:34:36','2020-11-19 15:48:08'),(19,'Daren','Ondricka','emiliano.koch@example.com','1-511-838-0418x21767','2020-11-04 11:19:06','2020-11-19 15:48:08'),(20,'Flavie','Paucek','norval.barrows@example.org','+88(9)6966583402','2020-01-17 18:11:20','2020-11-19 15:48:08'),(21,'Abe','Conn','qwiegand@example.com','604.197.3627','2020-08-28 21:25:56','2020-11-19 15:48:08'),(22,'Alan','Connelly','ora.smith@example.net','1-154-104-9933x13125','2020-04-18 08:32:22','2020-11-19 15:48:08'),(23,'Jay','Wiza','bauch.delbert@example.com','(719)040-5683x87115','2020-06-16 02:30:42','2020-11-19 15:48:08'),(24,'Archibald','Hills','jaqueline.wiegand@example.com','01223350767','2020-01-27 21:40:21','2020-11-19 15:48:08'),(25,'Bulah','Kris','pearline30@example.com','289-891-2391x740','2020-06-26 18:59:55','2020-11-19 15:48:08'),(26,'Kyler','Greenholt','ottilie47@example.org','1-090-840-3048','2020-02-26 18:18:36','2020-11-19 15:48:08'),(27,'Johnathon','Purdy','zemlak.marie@example.net','522.968.5684x065','2020-06-10 01:09:40','2020-11-19 15:48:08'),(28,'Sedrick','Beahan','zlueilwitz@example.org','(429)883-4292','2020-07-10 13:58:55','2020-11-19 15:48:08'),(29,'Rudolph','Wintheiser','julius.dickinson@example.com','638.813.1478x3170','2020-02-25 06:23:30','2020-11-19 15:48:08'),(30,'Eileen','Lowe','blind@example.com','1-606-091-4064x999','2019-11-23 03:42:23','2020-11-19 15:48:08'),(31,'Eloisa','Funk','reichert.uriah@example.net','136.674.0904x9872','2020-05-01 11:54:31','2020-11-19 15:48:08'),(32,'Andy','Kshlerin','akihn@example.com','+53(6)8380495880','2020-07-15 22:51:56','2020-11-19 15:48:08'),(33,'Courtney','O\'Conner','vhoppe@example.com','(711)171-9109x504','2020-07-15 12:18:57','2020-11-19 15:48:08'),(34,'Maeve','Gibson','janice51@example.net','00386793724','2020-06-09 15:17:51','2020-11-19 15:48:08'),(35,'Ayla','Beatty','dwalker@example.com','409.305.1696x310','2020-02-15 07:41:30','2020-11-19 15:48:08'),(36,'Shakira','Leuschke','henderson.murphy@example.net','1-209-644-0341','2020-10-24 19:39:32','2020-11-19 15:48:08'),(37,'Emerald','Kunze','lenny.hammes@example.net','713-972-7997x271','2020-03-03 06:43:51','2020-11-19 15:48:08'),(38,'Johathan','Davis','towne.hilbert@example.com','+96(3)4206759656','2020-03-31 23:11:40','2020-11-19 15:48:08'),(39,'Arch','Schmidt','farrell.jacinthe@example.com','04875428705','2019-12-09 17:33:39','2020-11-19 15:48:08'),(40,'Kelly','Langosh','naomi.gleason@example.net','+27(7)8771461625','2020-08-16 13:00:15','2020-11-19 15:48:08'),(41,'Marc','Barrows','karianne50@example.net','07222242014','2020-10-04 04:10:18','2020-11-19 15:48:08'),(42,'Samara','Toy','gzemlak@example.net','348.983.1278x86524','2020-11-02 07:48:20','2020-11-19 15:48:08'),(43,'Albert','Hagenes','ana.reynolds@example.com','(648)338-7007','2019-12-30 10:29:30','2020-11-19 15:48:08'),(44,'Connor','Fahey','smitham.laverna@example.net','574.303.9271','2019-12-31 18:04:20','2020-11-19 15:48:08'),(45,'Vicky','Greenholt','clark.metz@example.com','204-653-9683x37726','2020-05-06 21:50:41','2020-11-19 15:48:08'),(46,'Karen','Tillman','ksawayn@example.com','1-773-082-4543x89916','2020-02-29 06:18:22','2020-11-19 15:48:08'),(47,'Adrien','Mueller','tjacobi@example.com','780-565-8828x893','2019-11-22 22:45:44','2020-11-19 15:48:08'),(48,'Marianna','Gibson','dora85@example.org','(077)255-5549x43157','2020-09-29 22:44:18','2020-11-19 15:48:08'),(49,'Jaylon','Aufderhar','o\'kon.ashleigh@example.com','(292)209-4426','2020-10-17 21:41:57','2020-11-19 15:48:08'),(50,'Francis','Hodkiewicz','wmoore@example.net','002-831-4839x738','2020-03-07 15:57:39','2020-11-19 15:48:08'),(51,'Flossie','Adams','erunolfsdottir@example.org','(951)878-6636x885','2020-10-21 20:52:52','2020-11-19 15:48:08'),(52,'Antwan','Daugherty','pacocha.herbert@example.net','934.991.6848','2020-11-02 21:42:55','2020-11-19 15:48:08'),(53,'Kathleen','Bartoletti','rasheed.klocko@example.com','1-393-722-6790x787','2020-06-29 07:44:09','2020-11-19 15:48:08'),(54,'Lavon','Conn','kaley.streich@example.org','(123)387-4525x2351','2020-02-11 18:03:24','2020-11-19 15:48:08'),(55,'Jamar','Davis','hermina19@example.org','123-666-8781x16227','2020-07-18 15:50:03','2020-11-19 15:48:08'),(56,'Marcelina','Cruickshank','virginie20@example.com','(349)271-0195','2020-11-08 03:49:01','2020-11-19 15:48:08'),(57,'Adaline','Dietrich','beier.trey@example.net','+76(4)7549996210','2020-04-12 13:51:05','2020-11-19 15:48:08'),(58,'Mable','D\'Amore','nolan.sophia@example.org','161.699.6718x44332','2020-02-08 13:16:51','2020-11-19 15:48:08'),(59,'Grover','Oberbrunner','unique.paucek@example.net','923-427-9766x6503','2020-05-21 00:02:44','2020-11-19 15:48:08'),(60,'Kolby','Greenfelder','bins.jett@example.net','611-847-5956','2020-03-28 16:19:18','2020-11-19 15:48:08'),(61,'Boris','Heller','phoebe.larson@example.org','1-797-023-8865x0522','2020-06-02 22:26:50','2020-11-19 15:48:08'),(62,'Carlee','Kshlerin','sdaugherty@example.net','623.831.1039','2020-11-06 21:47:19','2020-11-19 15:48:08'),(63,'Quentin','Hudson','jacinto.deckow@example.net','347-891-7849x137','2020-03-24 06:26:50','2020-11-19 15:48:08'),(64,'Reyna','O\'Hara','eleanore96@example.org','233.770.6393x57945','2020-09-20 11:56:27','2020-11-19 15:48:08'),(65,'Jovanny','Parker','kaitlyn36@example.net','397.025.8842x20254','2020-11-16 00:17:56','2020-11-19 15:48:08'),(66,'Chadrick','Moore','astoltenberg@example.com','(540)498-0275','2019-12-07 23:44:24','2020-11-19 15:48:08'),(67,'Robin','McGlynn','dgutmann@example.net','812-113-0219x78187','2019-11-25 14:54:46','2020-11-19 15:48:08'),(68,'Juana','Wolf','cindy87@example.net','(129)745-7881x76452','2020-11-11 05:07:44','2020-11-19 15:48:08'),(69,'Vernon','Veum','johnathan.cole@example.com','317.458.8354','2019-12-12 22:05:16','2020-11-19 15:48:08'),(70,'Geovanny','Beatty','nathan37@example.org','761-686-6344x31244','2020-06-27 21:48:55','2020-11-19 15:48:08'),(71,'Maureen','Fay','ryann.sawayn@example.com','673-745-4784x34948','2020-05-29 15:21:44','2020-11-19 15:48:08'),(72,'Wilbert','Weber','juwan.beer@example.com','(080)965-4649','2020-02-29 18:27:31','2020-11-19 15:48:08'),(73,'Akeem','Hartmann','xrunolfsdottir@example.org','968.695.1550x26156','2020-08-25 18:33:41','2020-11-19 15:48:08'),(74,'Morgan','Tromp','armstrong.carolyn@example.org','1-907-981-6961','2020-08-16 00:30:15','2020-11-19 15:48:08'),(75,'Alda','Erdman','dhodkiewicz@example.com','459.346.6376x99857','2020-01-17 13:35:23','2020-11-19 15:48:08'),(76,'Jackie','Larkin','rocky.parker@example.net','+71(4)7342325757','2020-01-08 18:08:16','2020-11-19 15:48:08'),(77,'Jace','Goyette','alize.rolfson@example.org','(907)422-9960','2020-09-08 20:42:38','2020-11-19 15:48:08'),(78,'Justine','Williamson','ivy.dietrich@example.net','+22(1)8618552908','2020-08-05 06:58:36','2020-11-19 15:48:08'),(79,'Reina','Lehner','block.zula@example.com','+57(7)9984757811','2020-04-09 06:14:48','2020-11-19 15:48:08'),(80,'Vito','Marquardt','isom.hills@example.net','349-720-6230','2019-11-26 01:12:56','2020-11-19 15:48:08'),(81,'Elvie','Cormier','susanna98@example.net','215-489-7019','2020-02-15 09:04:44','2020-11-19 15:48:08'),(82,'Katrine','Rosenbaum','bheathcote@example.com','+31(1)3481408186','2020-01-16 15:03:51','2020-11-19 15:48:08'),(83,'Telly','Grimes','herminia89@example.net','+69(6)3068647536','2020-11-18 10:30:56','2020-11-19 15:48:08'),(84,'Sincere','Kunze','sam.legros@example.org','01489741763','2020-06-17 13:10:11','2020-11-19 15:48:08'),(85,'Rupert','Lebsack','vicente05@example.net','433-444-1626','2019-12-16 01:47:27','2020-11-19 15:48:08'),(86,'Dean','Gleason','hackett.darrion@example.org','07753261353','2020-04-26 23:17:58','2020-11-19 15:48:08'),(87,'Celestine','Raynor','boyer.ofelia@example.com','386.652.5161x88198','2020-08-07 20:37:48','2020-11-19 15:48:08'),(88,'Floy','Legros','jimmie65@example.org','+44(5)4191855119','2020-03-04 12:52:20','2020-11-19 15:48:08'),(89,'Grover','Schneider','tiara.windler@example.org','687-026-2051x57218','2020-01-14 13:31:12','2020-11-19 15:48:08'),(90,'Karson','Moen','rolfson.chaim@example.net','(120)525-8480','2020-06-22 20:47:55','2020-11-19 15:48:08'),(91,'Hassan','Romaguera','xgrant@example.org','1-832-560-9974','2020-08-07 07:25:08','2020-11-19 15:48:08'),(92,'Hayley','Hickle','stone.koch@example.com','(924)316-4518x2993','2020-06-13 22:25:27','2020-11-19 15:48:08'),(93,'Yvonne','Ritchie','zmann@example.org','178.605.6063x038','2020-03-29 12:00:01','2020-11-19 15:48:08'),(94,'Adrianna','Lueilwitz','fblick@example.com','982.386.2072x1375','2020-10-23 12:30:58','2020-11-19 15:48:08'),(95,'Salma','Hickle','ferry.tavares@example.com','009.277.4371x68510','2019-12-09 20:08:32','2020-11-19 15:48:08'),(96,'Harold','O\'Hara','rhauck@example.com','(085)454-5328x602','2020-02-09 21:05:21','2020-11-19 15:48:08'),(97,'Rogelio','Koepp','serenity.spencer@example.org','(003)118-9724','2020-03-01 14:57:23','2020-11-19 15:48:08'),(98,'Maxine','Turcotte','jabari.erdman@example.net','549.616.5677x576','2020-10-21 16:22:15','2020-11-19 15:48:08'),(99,'Catherine','Pfeffer','qfeest@example.org','1-619-553-6860x2042','2020-01-21 21:41:24','2020-11-19 15:48:08'),(100,'Maia','Gottlieb','dolly.wiegand@example.com','(612)052-4029','2020-09-28 23:51:49','2020-11-19 15:48:08');
/*!40000 ALTER TABLE `users` ENABLE KEYS */;
UNLOCK TABLES;

--
-- Dumping routines for database 'vk'
--
/*!40103 SET TIME_ZONE=@OLD_TIME_ZONE */;

/*!40101 SET SQL_MODE=@OLD_SQL_MODE */;
/*!40014 SET FOREIGN_KEY_CHECKS=@OLD_FOREIGN_KEY_CHECKS */;
/*!40014 SET UNIQUE_CHECKS=@OLD_UNIQUE_CHECKS */;
/*!40101 SET CHARACTER_SET_CLIENT=@OLD_CHARACTER_SET_CLIENT */;
/*!40101 SET CHARACTER_SET_RESULTS=@OLD_CHARACTER_SET_RESULTS */;
/*!40101 SET COLLATION_CONNECTION=@OLD_COLLATION_CONNECTION */;
/*!40111 SET SQL_NOTES=@OLD_SQL_NOTES */;

-- Dump completed on 2020-11-22 14:16:09
